uid;name;latitude;longitude;hoehe_dgm5m;erstbegehnung;schwierigkeit;eisfallhhe;zustieg;abstieg;beschreibung;ausrichtung;topo_url
1;Mannerschnitte;47,18785309;10,91448647;946,5510254;Karl Dung & Hansj”rg Auer, 19. Dezember 2013;WI5-/M4;6 SL;;Abseilen Route orografisch rechts;Abseilschlingen z.T. belassen;1;https://ice.oetztalclimbing.com/topo/detail/mannerschnitte.html
2;Baselayer;47,18157945;10,92174323;1357,69104;Hansj”rg Auer;WI4/M5;300 m, Bis zum Band in Wandmitte;;orographisch links;Eisspur nur ?õu?erst selten vorhanden.;3;https://ice.oetztalclimbing.com/topo/detail/baselayer.html
3;Zapfenstreich;47,1814644;10,90196581;980,3209839;Thomas Scheiber & Hansj”rg Auer;M9;3 SL;;Abseilen ber Rampe orographisch rechts;"Mit Bohrhaken abgesichert. leider zum Teil knstliche Hooks. Viele M”glichkeiten an den Platten weiter links (""Spider"", ""El Gringo"") bevor ganz links die ?Ž–Zwei Welten?Ž£ kommen.";4;https://ice.oetztalclimbing.com/topo/detail/zapfenstreich.html
4;Zwei Welten;47,1814644;10,90196581;980,3209839;Gerry Fiegl & Paul Mair;WI4/M8;6 SL;;Abseilen ber die Route.;"Sch”ne M8-Stelle unten ber ein Rissdach. Ausstieg oben auch ber links m”glich (""Fix und Foxi"").";4;https://ice.oetztalclimbing.com/topo/detail/zwei-welten.html
5;Mannerschnitte;47,18785309;10,91448647;946,5510254;Karl Dung & Hansj”rg Auer;WI5-/M4;6 SL;;Abseilen ber die Route orographisch rechts.;Abseilschlingen zum Teil belassen.;2;https://ice.oetztalclimbing.com/topo/detail/mannerschnitte.html
6;Kalte Dusche;47,17457496;10,91958106;1197,48999;Karl Dung & Hansj”rg Auer;WI5;2 SL;Direkt hinter dem Fu?ballplatz Tumpen ber einen alten Fu?weg (ca. 40 Minuten).;Abseilen siehe ?Ž–Sibirien?Ž£.;Im Winter 2018 deutlich bessere Eisbedingungen als w?õhrend der Erstbegehung im Dezemer 2013.;5;https://ice.oetztalclimbing.com/topo/detail/kalte-dusche.html
7;Sibirien;47,17457496;10,91958106;1197,48999;Lukas Riml & Hansj”rg Auer;WI6/M6;3 SL;Direkt hinter dem Fu?ballplatz Tumpen ber einen alten Fu?weg (ca. 40 Minuten).;Abseilen ber markierte Route (siehe šbersichtsbild). Schlingen und Haken vorhanden.;Alle Normalhaken belassen.;5;https://ice.oetztalclimbing.com/topo/detail/sibirien.html
8;Vorsaison;47,17457496;10,91958106;1197,48999;Karl Dung & Hansj”rg Auer;WI5+/M6-;3 SL;Direkt hinter dem Fu?ballplatz Tumpen ber einen alten Fu?weg (ca. 40 Minuten).;Abseilen siehe ?Ž–Sibirien?Ž£.;Einen Normalhaken verwendet und belassen. Im Winter 2018 deutlich bessere Eisbedinungen als w?õhrend der Erstbegehung im Dezemer 2013.;5;https://ice.oetztalclimbing.com/topo/detail/vorsaison.html
9;Golden Shower;47,15611614;10,9050394;1097,079956;Alex Blmel & Hansj”rg Auer;WI6;3 SL;;Abseilen orographisch rechts an B?õumen.;Sehr r”hrige, letzte Seill?õnge.;4;https://ice.oetztalclimbing.com/topo/detail/golden-shower.html
10;Reichalm Fall;47,16324699;10,94194281;1613,659058;Stefan Holzknecht & Reini Obweger;WI5;6 SL;;šber den Wanderweg Reichalm-Farst;Oft hintersplt und abgel”st. Vorsicht! Sehr langer und etwas komplizierter Zustieg.;3;https://ice.oetztalclimbing.com/topo/detail/reichalm-fall.html
11;Dripping Elegance;47,12597744;10,90943499;1762,839966;Gerry Fiegl & Albert Leichtfried;WI5+/M10;3 SL;;Abseilen ber die Route.;Mit Bohrhaken abgesichert. šbersichtsbild Winter 2018. Mehr Info: https://www.albertleichtfried.at/index.php?id=67&no_cache=1&tx_ttnews[tt_news]=157;3;https://ice.oetztalclimbing.com/topo/detail/dripping-elegance.html
12;Nachtfalter;47,10893708;10,95374477;1252,688965;Marc & Tobias Holzknecht;WI5-/M4;4 SL;;Abseilen ber die Route oder Normalabstieg vom Sommer.;Immer entlang der Sportkletterroute ?Ž–Tr?õumerei?Ž£. Links der klassische ?Ž–Eiserner Vorhang?Ž£ (WI5+).;5;https://ice.oetztalclimbing.com/topo/detail/nachtfalter.html
13;Spongebob;47,10119125;10,96701683;1747,822021;Heiko Wilhelm & Hansj”rg Auer;WI7-;2 SL;šber Wanderweg Dorf-Untere Hemrachalm (ca. 1,5h).;Abseilen ber die Route.;"Anspruchsvolle, zweite Seill?õnge. šbersichtsbild Winter 2018. Etwas weiter n”rdlich befindet sich das klassische ?Ž–Rauschwandle?Ž£ (WI6-) mit vielen M”glichkeiten (siehe Querformatbild). Weiter unterhalb, n”rdlich vom Bachverlauf, gibt es ebenfalls einige zus?õtzliche Klettereien. (""Das Gelbe vom Ei"", WI6+ oder als Mixed Variante: ""Feingold"", WI6+/M). Gut sichtbar vom Ort Au. Mehr Info dazu: https://www.albertleichtfried.at/index.php?id=67&no_cache=1&tx_ttnews[tt_news]=155";5;https://ice.oetztalclimbing.com/topo/detail/spongebob.html
14;Drytooling Klettergarten;47,09844413;10,95780488;1166,82605;Reini Obweger, David & Mathias N”ssig;;1 SL;;;Drytooling-Trainingsgel?õnde mit zum Teil gebohrten Hooks.;5;https://ice.oetztalclimbing.com/topo/detail/drytooling-klettergarten.html
15;Triple Direkt;47,0869413;10,94041113;1278,708984;Lukas Riml & Hansj”rg Auer;WI6/M4;4 SL;;Abseilen ber Wasserfall orographisch rechts.;Hinweis: Links leichter Wasserfall. Auch knapp 200m weiter rechts sch”nes Eis auf Platten.;4;https://ice.oetztalclimbing.com/topo/detail/triple-direkt.html
16;Guillotine;47,08371193;10,944314;1177,373047;Gerry Fiegl mit Partnern;WI6+/M7+;1 SL;;Abstieg ber Klettersteig.;Ein Normalhaken am Einstieg mit langer Bandschlinge. šbersichtsbild Winter 2018. Hinweis: ?Ž–Lehner Wasserfall?Ž£ (WI5+) knapp links selten m”glich.;4;https://ice.oetztalclimbing.com/topo/detail/guillotine.html
17;Mixed Klettergarten Liftspur;47,08286448;10,96371174;1190,583008;Stefan Holzknecht, Reini Obweger, Matthias & Hansj”rg Auer;;1 SL;"Die B186 queren auf H”he der ""Liftspur"". Dann ber die Wiese zu den bereits sichtbaren Eiszapfen.";Abseilen;"Viele M”glichkeiten. Mit Bohrhaken abgesichert. Weiter links die klassische ""Liftspur"" (WI6+). Siehe Bild.";5;https://ice.oetztalclimbing.com/topo/detail/mixed-klettergarten-liftspur.html
18;Esso Mixed;47,07002952;10,97153602;1203,139038;Stefan Holzknecht & Reini Obweger;M6-M7;1 SL;;Abseilen;Zwei Routen an der orographisch rechten Seite. Mit Bohrhaken abgesichert.;5;https://ice.oetztalclimbing.com/topo/detail/esso-mixed.html
19;Badle;47,07002952;10,97153602;1203,139038;Stefan Holzknecht & Reini Obweger;WI5+;2 SL;;Abseilen;;2;https://ice.oetztalclimbing.com/topo/detail/badle.html
20;Burgsteiner Mixed;47,06117835;10,96930442;1338,078979;Paul Mair & Christian Piccolruaz, Stefan Holzknecht & Reini Obweger;M5-M8+;2 SL;;;Sch”ne, zwei Seill?õngen lange Mixed-Route orographisch rechts (Saxendom, M8+) sowie direkter Ausstieg (M8-) ber freih?õngenden Zapfen in der Mitte. Mit Bohrhaken abgesichert. Es gibt aber noch viele andere M”glichkeiten. Und natrlich die zwei gro?artigen, klassischen Eislinien.;2;https://ice.oetztalclimbing.com/topo/detail/burgsteiner-mixed.html
21;Mixed Klettergebiet;47,05883952;10,96612868;1283,896973;David N”ssig & Hansj”rg Auer;;1 SL;"Zum Einstieg des ""Reinhard-Schiestl Klettersteig"". Dem Wandfu? entlang Richtung Norden folgen.";;Kleines šbungsgel?õnde mit gebohrten Standpl?õtzen. Topropem”glichkeiten.;5;https://ice.oetztalclimbing.com/topo/detail/mixed-klettergebiet.html
22;Nordstau;47,05883952;10,96612868;1283,896973;Tobias Holzknecht & Hansj”rg Auer;WI5-/M5;5 SL;;šber Wanderweg Burgstein.;Ein Normalhaken verwendet und entfernt. Zudem zwei Bohrhaken in der 3. SL einer bestehen Sommerroute. Schlsselseill?õnge kommt allerdings nachher.;2;https://ice.oetztalclimbing.com/topo/detail/nordstau.html
23;Pokerface;47,05883952;10,96612868;1283,896973;Gerry Fiegl & Fabian Wilhelm;WI6/M4;3 SL;;Abseilen an Eisuhren vom Ende der Eislinie.;Das Masterpiece des jungen Gerry. Linie links ist noch ein Projekt von Stefan Holzknecht und Reini Obweger.;2;https://ice.oetztalclimbing.com/topo/detail/pokerface.html
24;New Life;47,05883952;10,96612868;1283,896973;Reini Obweger mit Partner;WI7-;2 SL;;Abseilen an Eisuhren vom Ende der Eislinie.;Nur sehr selten gute Eisbedingungen. šbersichtsbild Winter 2018.;5;https://ice.oetztalclimbing.com/topo/detail/new-life.html
25;Via Ali;47,06047859;10,94324338;2002,720947;Marc & Tobias Holzknecht;WI5-;3 SL;"N”rdlich vom Weiler ""Astlehn"" die lange Rinne hinauf.";Abseilen an Eisuhren vom Ende der Eislinie.;Auf Lawinengefahr achten! Langer, mhsamer Zustieg.;4;https://ice.oetztalclimbing.com/topo/detail/via-ali.html
26;Lucky Strike;47,01162268;10,96634326;1772,574951;Heiko Wilhelm & Hansj”rg Auer;WI6;1 SL;;Abseilen an Baum (Schlinge vorhanden).;Eine der sch”nsten und eindrucksvollsten Eiss?õulen im Tal. Zustieg ber Fahrweg zur Vorderen Polles Alm. Es gibt auch weitere M”glichkeiten etwas links von ?Ž–Lucky Strike?Ž£ und auch weiter taleinw?õrts an der orographisch rechten Seite. Haupts?õchlich von Fabian Wilhelm erstbegangen.;2;https://ice.oetztalclimbing.com/topo/detail/lucky-strike.html
27;Fritz Phantom;47,00661867;10,9737247;2495,145996;Gerry Fiegl & Hansj”rg Auer;WI5;5 SL;;šber Sdostgrat.;Hochalpine Eiskletterei. Eislinie nur selten vorhanden. Zustieg am besten ber Peerlarsee mit Tourenski.;2;https://ice.oetztalclimbing.com/topo/detail/fritz-phantom.html
28;Waldesruh Ralley - Bichlfall;47,02797391;10,99501338;1249,017944;Vitus & Hansj”rg Auer;WI6-;5 SL;;Abseilen an Eisuhren.;"Dreiteilige Eis-Ralley. šbersichtsbild Winter 2018. Der erste Fall ist der klassische ?Ž–Bichlfall"" aka ?Ž–Waldesruh"" (WI5). Gebohrter Standplatz direkt an der Kante, orographisch rechts.";5;https://ice.oetztalclimbing.com/topo/detail/waldesruh-ralley-bichlfall.html
29;Taufenbachfall (ohne Vorhang);47,02183284;10,99564764;1228,572021;David & Mathias N”ssig;WI6+;3 SL;"Vom Weiler ""Bruggen"" ber den Fahrweg in Richtung Grube Alm. Bei der ersten Kreuzung den Fahrweg nach Norden folgen und an dessen Ende durch den Wald zum Einstieg (1h).";Abseilen an Eisuhren.;Spannende erste Seill?õnge. šbersichtsbild Winter 2018. Ein weiterer sch”ner Eisfall befindet sich noch etwas weiter links (siehe šbersichtsbild).;5;https://ice.oetztalclimbing.com/topo/detail/taufenbachfall-ohne-vorhang.html
30;Mhlgartenfall / Betonwerks?õule;47,02183284;10,99564764;1228,572021;Unbekannt;WI6-;1 SL;;Abseilen.;Kurz aber oho. šbersichtsbild Winter 2018.;4;https://ice.oetztalclimbing.com/topo/detail/muehlgartenfall-betonwerks-ule.html
31;Elfenbein;47,02183284;10,99564764;1228,572021;Gerry Fiegl & Hansj”rg Auer;WI7-/M6;3 SL;"Vom Weiler ""Bruggen"" ber den Fahrweg in Richtung Grube Alm. Bei der ersten Kreuzung den Fahrweg nach Norden folgen und nach gut 200m entlang dem Sportklettergebiet ""Elefantenwand"" zum Einstieg (1h).";Abseilen.;Anspruchsvolle Eislinie. Verwendete Normalhaken belassen. Normalerweise erst sp?õt in der Saison kletterbar. šbersichtsbild Winter 2018. Etwas unterhalb gibt es noch den ?Ž–Kleinen Elefant?Ž£ (WI5-, 60m).;2;https://ice.oetztalclimbing.com/topo/detail/elfenbein.html
32;R?õtselburg;47,0081575;10,99938127;1481,484985;Mathias N”ssig & Hansj”rg Auer;WI7-;2 SL;Direkt nach der Brcke von der Bundesstra?e bei Aschbach parken und bei der dritten Kehre (Wegweiser) vom Forstweg der Rinne entlang, rechtshaltend zur Wand. (15 min.);Abseilen ber Eisuhren bzw. Baum mit Schlinge.;Sehr anspruchsvolle erste Seill?õnge mit delikatem rechts-links Quergang nach Mixed Einstiegsboulder. Keine Haken verwendet. Diese Seill?õnge wurde von den Erstbegehern mit WI7+ bewertet. In den letzten Jahren hat sich das Eis immer bis zum kleinen Band herunter bildet und oftmals auch noch weiter. Dann WI7- maximal. Etwas links befindet sich der klassische ?Ž–Feierabend?Ž£ (WI5). Vom Ausstieg links oberhalb befinden sich noch weitere M”glichkeiten, zB. wie eine auffallende Eiss?õule. Sie wurde von David N”ssig erstbegangen.;2;https://ice.oetztalclimbing.com/topo/detail/r-tselburg.html
33;Freizeitstress;47,0081575;10,99938127;1481,484985;Reini Obweger & Hansj”rg Auer;WI6/M5;2-3 SL;Vom Weiler Granstein bei S”lden. Siehe Skizze in der Galerie.;Abseilen ber B?õume orographisch links (Schlingen vorhanden).;"Eine der sch”nsten Eisslinien im Tal. Die exakte Lage des Wasserfalls: Breitengrad: 47.0066342316574, L?õngengrad: 10.990730656293067 Gelb: ""Feierabend"", Blau: ""R?õtselburg""";2;https://ice.oetztalclimbing.com/topo/detail/freizeitstress.html
34;Namenlos;46,97334271;11,01845886;1698,08606;Alex Blmel & Hansj”rg Auer;WI5/M5-;2 SL;Von der Stallwiesalm;Abseilen ber Baum (Schlinge vorhanden) bzw. Eisuhr.;Verwendete Normalhaken wurden belassen. šbersichtsbild Winter 2018 (mit deutlich besseren Eisbedingungen). Eisfall von der Shell Tankstelle (Ortseingang S”lden) aus sichtbar. Weitere M”glichkeiten in S”lden: Atterbachfall (WI5+) und Wildmoosf”lle (WI6-).;5;https://ice.oetztalclimbing.com/topo/detail/namenlos.html
35;Hohe Brcke;46,90466547;10,96714096;1693,031006;Unbekannt;WI3 ?Ž M6;1 SL;;;Zahlreiche M”glichkeiten. Eine sch”ne Linie mit Bohrhaken. šbersichtsbild mit schwacher Eisbildung im Herbst. Bei Vent bzw. Rofen gibt es noch weitere M”glichkeiten wie zB. den Seflwandfall (WI5-) und die Schlechtbodenf?õlle (WI6).;4;https://ice.oetztalclimbing.com/topo/detail/hohe-bruecke.html
36;Testgolla;47,09844413;10,95780488;1166,82605;Juli 1877;M8;485m;šber den Weg;šber den Grad zur Bar;Lorem ipsum dolor sit amet, consetetur sadipscing elitr, sed diam nonumy eirmod tempor invidunt ut labore et dolore magna aliquyam erat, sed diam voluptua. At vero eos et accusam et justo duo dolores et ea rebum. Stet clita kasd gubergren, no sea takimata sanctus est Lorem ipsum dolor sit amet. Lorem ipsum dolor sit amet, consetetur sadipscing elitr, sed diam nonumy eirmod tempor.;3;https://ice.oetztalclimbing.com/topo/detail/testgolla.html
37;Klettergarten Oberried - Eispark;47,07646018;10,94993127;1173,435059;Otto & Ali Grner;;1-2 SL;;;"Hier gibt es sehr viele M”glichkeiten wie Daumenschrauber (WI3), Eispanzer (WI4+), Mrbihl (WI4+) oder etwas weiter links oben Honigschlecker (WI5). Zudem viele Meter Eis und Mixed im neuen ""Eispark"" von www.alpin-guide.at.";2;https://ice.oetztalclimbing.com/topo/detail/klettergarten-oberried-eispark.html
38;Zwieselsteinf?õlle;46,94276424;11,0333006;1709,597046;Unbekannt;WI3 - WI6;bis zu 9 SL;;Am besten Abseilen ber Eisuhren.;Verschiedene M”glichkeiten wie zB. Alzenlehnerfall (WI4-), Bockgartenfall (WI6-), Hoachlehnfall (WI6). Weiter taleinw?õrts befindet sich noch der Taleggfall/Timmlsbachfall (WI5+).;5;https://ice.oetztalclimbing.com/topo/detail/zwieselsteinf-lle.html
39;Khlenkar Wasserfall;47,05703252;11,05611148;2126,979004;;WI4;2-3 SL;Von Gries ber die Rodelbahn bis zur Vorderen Sulztalalm.;Abseilen ber Eisuhren.;Sch”ner, hochalpiner Wasserfall. Unbedingt die Lawinengefahr im Auge behalten!!;3;https://ice.oetztalclimbing.com/topo/detail/kuehlenkar-wasserfall.html
40;Bachfalle;47,08530919;11,05938377;2324,424072;;WI3;3 SL;Von Gries zur Winnebachseehtte.;Abseilen an Eisuhren.;Sch”ner, hochalpiner Wasserfall gegenber der Winnebachseehtte. Bilder: ª¸ Gebi Mair;5;https://www.bergsteigen.com/touren/eisklettern/sturpenrinnenfall/
41;Wtenbach/Kaisers;46,98954212;11,0200582;1506,605957;;WI4-WI5;3 SL;Von Kaiser dem Bachverlauf. Etwas mhsam.;;Viele M”glichkeiten.;5;https://ice.oetztalclimbing.com/topo/detail/wuetenbach-kaisers.html
42;Sevlstauda;47,10893708;10,95374477;1252,688965;Lukas Riml & Hansj”rg Auer, J?õnner 2019;WI5+/M4/A1;4 Sl;"Vom Parkplatz N”sslach gleich beim Schranken nach rechts in den Wald, vorbei am Sektor ""Roxette"" und dann ber B?õnder oberhalb nach links.";"Abseilen ber die Route ""June Afternoon""";Drei Normalhaken belassen. Jeweils in den Sl 1-3.;3;https://ice.oetztalclimbing.com/topo/detail/sevlstauda.html
43;Mammut Lex;47,02183284;10,99564764;1228,572021;Lukas Riml & Hansj”rg Auer;WI5+/M6;2 SL;"Vom Weiler ""Bruggen"" ber den Fahrweg in Richtung Grube Alm. Bei der ersten Kreuzung den Fahrweg nach Norden folgen und nach gut 200m entlang dem Sportklettergebiet ""Elefantenwand"" zum Einstieg (1h).";Abseilen (80m) an B?õumen - Schlingen vorhanden.;"Super Eislinie knapp rechts vom ""Elfenbein"". Verwendete Normalhaken (jeweils 1 Stck pro Seill?õnge) belassen. Auch noch sp?õt in der Saison kletterbar. Etwas unterhalb gibt es noch den ?Ž–Kleinen Elefant?Ž£ (WI5-, 60m).";2;https://ice.oetztalclimbing.com/topo/detail/mammut-lex.html
44;Gegenwind;47,0081575;10,99938127;1481,484985;Alex Blmel & Hansj”rg Auer;WI5+/M8;3 SL;Direkt nach der Brcke von der Bundesstra?e bei Aschbach parken und bei der dritten Kehre (Wegweiser) vom Forstweg der Rinne entlang, rechtshaltend zur Wand. (15 min.);Abseilen ber Eisuhren bzw. Baum mit Schlinge.;"Anspruchsvolle Mixed Kletterei links neben ""R?õtselburg"". Alle verwendeten Normalhaken belassen.";2;https://ice.oetztalclimbing.com/topo/detail/gegenwind.html
45;Herbstgold;46,9564;10,96579;2231,565918;Hansj”rg Auer mit Freunden;WI5-/M4;2 SL;Parken auf H”he der Rettenbachalm;-;Parken auf H”he der Rettenbachalm. Cirka 50m von der Stra?e hinunter gehen und den Rettenbach berqueren, anschlie?end ca 200hm aufsteigen. (Eisfall von der Stra?e aus sichtbar) Auf Lawinengefahr achten!;2;https://ice.oetztalclimbing.com/topo/detail/herbstgold.html
46;Forsttechnik;47,01761;10,99537;1280,567993;Tobias Holzknecht, Marc Holzknecht, Stephan Kuen;WI 4+;2 SL;Klettergarten Aschbach;Abseilen ber Baum-Schlinge;Man f?õhrt durch L?õngenfeld Richtung S”lden und biegt bei Kilometer 30 rechts auf einen Parkplatz neben der Stra?e ab. Gegenber des Parkplatzes ist die Firma Haid&Falkner GmbH. Das šberqueren der Brcke mit dem PKW ist nicht erlaubt. Nach der Brcke geht ein schmaler Pfad recht steil nach oben in den Wald. Nach ca. 10 Minuten erreicht man den Eisfall.;7;https://ice.oetztalclimbing.com/topo/detail/forsttechnik.html
47;Milchschnitte;47,18785309;10,91448647;946,5510254;David N”sig und Reini K”fler;WI6+;5SL (50m, 40m, 40m, 60m);In Habichen parken. Man folgt einen Forstweg bis zum ende, dann quert man durch die Wiese (siehe Bild) bis in eine Rinne, die was man dann hinauf geht bis zum Eisfall. (30-45 min);Abseilen ber Eisuhren bzw. Baum-Schlinge.;Bei mehr Eisauflage etwas leichter.;6;https://ice.oetztalclimbing.com/topo/detail/milchschnitte.html
48;Venter Eisfall;46,8562;10,912953;;;WI 4+;;;;;;https://ice.oetztalclimbing.com/topo/detail/venter-eisfall.html
49;24 hours of freedom - Sagwand;47,028754;11,628868;;;M6 / WI4;;;;;;https://www.bergsteigen.com/touren/eisklettern/24-hours-of-freedom-sagwand/
50;3. Zwerg;47,01676544;11,1960125;;;WI5;;;;;;https://www.bergsteigen.com/touren/eisklettern/3-zwerg/
51;7. Zwerg - Grawa Eisgarten;47,0154;11,1927;;;WI4;;;;;;https://www.bergsteigen.com/touren/eisklettern/7-zwerg-grawa-eisgarten/
52;Adieu Konni - Geierkopf-Nordwand;47,522008;10,8802915;;;M8 / WI4;;;;;;https://www.bergsteigen.com/touren/eisklettern/adieu-konni-geierkopf-nordwand/
53;Amore Fragile;46,9288;10,495;;;WI7-;;;;;;https://www.bergsteigen.com/touren/eisklettern/amore-fragile/
54;Amphitrite;47,014;11,5028;;;WI6;;;;;;https://www.bergsteigen.com/touren/eisklettern/amphitrite/
55;Aria 51 - Laserz Nordwand;46,776166;12,81022;;;M7- / WI4;;;;;;https://www.bergsteigen.com/touren/eisklettern/aria-51-laserz-nordwand/
56;Art of Freedom - Serles;47,1305388;11,3843588;;;M6+;;;;;;https://www.bergsteigen.com/touren/eisklettern/art-of-freedom-serles/
57;Asylzapfen in St. Gertraudi;47,4039;11,8442;;;WI4+;;;;;;https://www.bergsteigen.com/touren/eisklettern/asylzapfen-in-st-gertraudi/
58;Auf alten Spuren;47,0794;11,6799;;;M7+ / WI4;;;;;;https://www.bergsteigen.com/touren/eisklettern/auf-alten-spuren/
59;Aufnahmeprfung - Tauerntal;47,083;12,5253;;;M9 / WI5+;;;;;;https://www.bergsteigen.com/touren/eisklettern/aufnahmepruefung-tauerntal/
61;Badlands - Sagwandspitze;47,03044;11,61888;;;A1 / M5 / WI4 / 4+;;;;;;https://www.bergsteigen.com/touren/eisklettern/badlands-sagwandspitze/
62;Ballerina Rinne;47,5324;12,6498;;;50ø;;;;;;https://www.bergsteigen.com/touren/eisklettern/ballerina-rinne/
63;Bananenecke - Groáglockner;47,070089;12,69519;;;M5 / WI4;;;;;;https://www.bergsteigen.com/touren/eisklettern/bananenecke-grossglockner/
64;Bayerisch Schottische Wintergames - Westlicher Geierkopf;47,518127;10,863208;;;55ø / M5+ / WI3-;;;;;;https://www.bergsteigen.com/touren/eisklettern/bayerisch-schottische-wintergames-westlicher-geierkopf/
65;Beilfall Beilf„lle - Fernautal;47,0015136;11,1491723;;;WI4;;;;;;https://www.bergsteigen.com/touren/eisklettern/beilfall-beilfaelle-fernautal/
66;Berufsschule - Treffauer;47,55863386;12,28288876;;;M7;;;;;;https://www.bergsteigen.com/touren/eisklettern/berufsschule/
67;Bese Hexe - Grawa Eisgarten;47,016;11,1937;;;WI7- / M9+;;;;;;https://www.bergsteigen.com/touren/eisklettern/bese-hexe-grawa-eisgarten/
68;Besinnungsweg;47,0718;11,3267;;;M8 / WI6;;;;;;https://www.bergsteigen.com/touren/eisklettern/besinnungsweg/
69;Bichelerstal Eisfall;47,078;11,2775;;;WI3;;;;;;https://www.bergsteigen.com/touren/eisklettern/bichelerstal-eisfall/
70;Bierfahrerbeifahrer - Kuhkopf;47,4413578;11,4543422;;;75ø / M6 / 4+;;;;;;https://www.bergsteigen.com/touren/eisklettern/bierfahrerbeifahrer/
71;Big Brother is watching you - Freiwandspitze;47,037022;12,686294;;;50ø / WI5- / M4;;;;;;https://www.bergsteigen.com/touren/eisklettern/big-brother-is-watching-you-freiwandspitze/
72;Black Denim - Ochsengarten;47,22065;10,89899;;;M5 / WI5;;;;;;https://www.bergsteigen.com/touren/eisklettern/black-denim-ochsengarten/
73;Boandlkramer;47,364;12,2751;;;M8 / WI6;;;;;;https://www.bergsteigen.com/touren/eisklettern/boandlkramer/
74;Bruad Henn;47,47237279;12,07189322;;;WI5+;;;;;;https://www.bergsteigen.com/touren/eisklettern/bruad-henn/
75;CapiTalismuskritik - Burgschrofen Kraspestal;47,191304;11,064919;;;M5+;;;;;;https://www.bergsteigen.com/touren/eisklettern/capitalismuskritik-burgschrofen-kraspestal/
76;Catwalk - Hohe Warte;47,035614;11,612;;;85ø / M5 / WI4+;;;;;;https://www.bergsteigen.com/touren/eisklettern/catwalk-hohe-warte/
77;Clean isch tot;47,5182;10,6226;;;WI4 / M3;;;;;;https://www.bergsteigen.com/touren/eisklettern/clean-isch-tot/
78;Daily Dose of Luck - Pinnistal;47,07649;11,347103;;;WI5 / M4;;;;;;https://www.bergsteigen.com/touren/eisklettern/daily-dose-of-luck-pinnistal/
79;Das 3. Leben - Groáglockner;47,0717;12,6921;;;M8;;;;;;https://www.bergsteigen.com/touren/eisklettern/das-3-leben/
80;Das fnfte Element;47,3727;11,3587;;;WI6-;;;;;;https://www.bergsteigen.com/touren/eisklettern/das-fuenfte-element/
81;Das letzte Einhorn;47,09244868;10,81863642;;;WI7- / M7;;;;;;https://www.bergsteigen.com/touren/eisklettern/das-letzte-einhorn/
82;Der Grawa-Gully (Botanikerkamin);47,0158;11,1943;;;M5+ / WI4;;;;;;https://www.bergsteigen.com/touren/eisklettern/der-grawa-gully-botanikerkamin/
84;Der weiáe Hai - Innergschl”á;47,1276686;12,4607334;;;M8 / WI6-;;;;;;https://www.bergsteigen.com/touren/eisklettern/der-weisse-hai-innergschloess/
85;Die Kohlebagger von Ltzerath - Maningkogel;47,19245827;10,96333822;;;50ø / M8;;;;;;https://www.bergsteigen.com/touren/eisklettern/die-kohlebagger-von-luetzerath/
86;Die Linken Zwerge;47,0163;11,199;;;WI5;;;;;;https://www.bergsteigen.com/touren/eisklettern/die-linken-zwerge/
87;Die Uralte;47,45578459;11,98940992;;;WI5-;;;;;;https://www.bergsteigen.com/touren/eisklettern/die-uralte/
88;D”rnr”schen - Kraspestal;47,191333;11,066194;;;M6+;;;;;;https://www.bergsteigen.com/touren/eisklettern/doernroeschen-kraspestal/
89;Domenicus;47,1147;11,1405;;;M8 / WI4+;;;;;;https://www.bergsteigen.com/touren/eisklettern/domenicus/
90;Dopey - Grawa Eisgarten;47,0158;11,1931;;;WI7- / M6;;;;;;https://www.bergsteigen.com/touren/eisklettern/dopey-grawa-eisgarten/
91;Drachenfels Mixedwand Bergisel;47,246;11,40069;;;M4 / M10;;;;;;https://www.bergsteigen.com/touren/eisklettern/drachenfels-mixedwand-bergisel/
92;Drecksau - Defreggental;46,9177334;12,4287316;;;M6 / WI5;;;;;;https://www.bergsteigen.com/touren/eisklettern/drecksau-defreggental/
93;Easy Afternoon - Lsens;47,1152757;11,1409144;;;WI4;;;;;;https://www.bergsteigen.com/touren/eisklettern/easy-afternoon-luesens/
94;Easy Day;47,1149;11,1405;;;M8 / WI5-;;;;;;https://www.bergsteigen.com/touren/eisklettern/easy-day/
95;Eibergfall;47,54338492;12,18181293;;;WI3+ / WI5-;;;;;;https://www.bergsteigen.com/touren/eisklettern/eibergfall/
96;Eintagsfliege;47,10936;10,80075;;;M7 / WI5;;;;;;https://www.bergsteigen.com/touren/eisklettern/eintagsfliege/
97;Eisarena Brunnalm;46,885;12,3509;;;WI4;;;;;;https://www.bergsteigen.com/touren/eisklettern/eisarena-brunnalm/
98;Eisarena Umbaltal - Sektor Flying Dutchman;47,011;12,2867;;;WI4+ / M9;;;;;;https://www.bergsteigen.com/touren/eisklettern/eisarena-umbaltal-sektor-flying-dutchman/
99;Eisarena Umbaltal - Sektor Rockmaster;47,011;12,2867;;;WI6- / M8+;;;;;;https://www.bergsteigen.com/touren/eisklettern/eisarena-umbaltal-sektor-rockmaster/
100;Eisarena Umbaltal - Sektor Umbaltaler;47,011;12,2867;;;WI4 / WI7;;;;;;https://www.bergsteigen.com/touren/eisklettern/eisarena-umbaltal-sektor-umbaltaler/
102;Eiswelt Taschachschlucht Pitztal;46,9576729;10,869486;;;WI4 / M5;;;;;;https://www.bergsteigen.com/touren/eisklettern/eiswelt-taschachschlucht-pitztal/
103;Eremit - Amphitheater Pinnisalm;47,070523;11,327456;;;M9- / WI7-;;;;;;https://www.bergsteigen.com/touren/eisklettern/eremit-amphitheater-pinnisalm/
104;Ethik-G„rtner - Lsens;47,1139;11,1407;;;M8 / WI6;;;;;;https://www.bergsteigen.com/touren/eisklettern/ethik-gaertner-luesens/
105;Fear Control - Schwarze Wand;46,9966175;11,3679942;;;M8 / WI6;;;;;;https://www.bergsteigen.com/touren/eisklettern/fear-control/
106;Fear of the dark - Zw”lferkogel Nordwand;47,192544;11,002741;;;60ø / M6+;;;;;;https://www.bergsteigen.com/touren/eisklettern/fear-of-the-dark-zwoelferkogel-nordwand/
107;Fineilspitze Nordwand;46,7832;10,8326;;;50ø;;;;;;https://www.bergsteigen.com/touren/eisklettern/fineilspitze-nordwand/
108;Firndreieck - Groáer M”seler;46,9979;11,7806;;;55ø / 2;;;;;;https://www.bergsteigen.com/touren/eisklettern/firndreieck/
109;First Base;47,1253;12,0079;;;WI6-;;;;;;https://www.bergsteigen.com/touren/eisklettern/first-base/
110;Fluchtkogel Nordwestwand;46,8639;10,7909;;;50ø;;;;;;https://www.bergsteigen.com/touren/eisklettern/fluchtkogel-nordwestwand/
111;Friends of moss - Zw”lferkogel Nordwand;47,192898;11,009772;;;60ø / M5+;;;;;;https://www.bergsteigen.com/touren/eisklettern/friends-of-moss-zwoelferkogel-nordwand/
112;Frosnitzfall;47,04673;12,49409;;;WI5;;;;;;https://www.bergsteigen.com/touren/eisklettern/frosnitzfall/
113;Frostk”nig - Kraspestal Burgschrofen;47,1912727;11,0653567;;;M5+;;;;;;https://www.bergsteigen.com/touren/eisklettern/frostkoenig-kraspestal-burgschrofen/
114;Gaia - Seebenw„nde;47,3745;10,9419;;;M12 / WI6+;;;;;;https://www.bergsteigen.com/touren/eisklettern/gaia-seebenwaende/
115;Gaisalmfall - Achensee;47,4779;11,7008;;;WI4+;;;;;;https://www.bergsteigen.com/touren/eisklettern/gaisalmfall-achensee/
116;Gamsleichfall;47,2226;10,9883;;;WI5- / M3+;;;;;;https://www.bergsteigen.com/touren/eisklettern/gamsleichfall/
117;Ganot Nordwandrinne;46,962523;12,707483;;;M4 / WI4;;;;;;https://www.bergsteigen.com/touren/eisklettern/ganot-nordwandrinne/
118;Gelber Fluss - Kaunertal;46,9684276;10,7435852;;;WI5;;;;;;https://www.bergsteigen.com/touren/eisklettern/gelber-fluss-kaunertal/
119;Gernkopf Eisf„lle;47,59382102;12,47591972;;;WI4;;;;;;https://www.bergsteigen.com/touren/eisklettern/gernkopf-eisfaelle/
120;Gorillas im Nebel - Patsch Sd;46,9235225;12,2490558;;;M7 / WI5;;;;;;https://www.bergsteigen.com/touren/eisklettern/gorillas-im-nebel-patsch-sued/
121;Grawa Eisfall Stubaital;47,013238;11,189137;;;WI3;;;;;;https://www.bergsteigen.com/touren/eisklettern/grawa-eisfall-stubaital/
123;Groáer L”ffler Nordostwand;47,0356;11,9186;;;55ø / 3+;;;;;;https://www.bergsteigen.com/touren/eisklettern/grosser-loeffler-nordostwand/
124;Groáglockner Sdostgrat;47,070033;12,697109;;;60ø / M5;;;;;;https://www.bergsteigen.com/touren/eisklettern/grossglockner-suedostgrat/
125;Groávenediger SW - Wand;47,1065;12,3425;;;45ø;;;;;;https://www.bergsteigen.com/touren/eisklettern/grossvenediger-sw-wand/
126;Grnkar Eisfall;47,1045;11,9963;;;WI5;;;;;;https://www.bergsteigen.com/touren/eisklettern/gruenkar-eisfall/
127;Gruá in den Himmel - Schwarze Wand Nordostwand;47,104918;12,372436;;;85ø / M4 / WI3;;;;;;https://www.bergsteigen.com/touren/eisklettern/gruss-in-den-himmel-schwarze-wand-nordostwand/
128;Gully - Lsens;47,1149029;11,1408768;;;WI4;;;;;;https://www.bergsteigen.com/touren/eisklettern/gully-luesens/
129;Gully;47,0719;11,3267;;;WI5;;;;;;https://www.bergsteigen.com/touren/eisklettern/gully/
130;Habicht Nordostwand;47,04956227;11,28617764;;;45ø;;;;;;https://www.bergsteigen.com/touren/eisklettern/habicht-nordostwand/
131;H„ngende G„rten - Lsens;47,1139;11,1407;;;WI6;;;;;;https://www.bergsteigen.com/touren/eisklettern/haengende-gaerten/
132;Hallensteinfall;47,0527;11,4858;;;WI5-;;;;;;https://www.bergsteigen.com/touren/eisklettern/hallensteinfall/
133;Harvest & Phreak;47,1125211;10,80486059;;;M7+ / M8-;;;;;;https://www.bergsteigen.com/touren/eisklettern/harvest-phreak/
134;Hauserrinne;47,53831855;12,6242137;;;50ø / 2;;;;;;https://www.bergsteigen.com/touren/eisklettern/hauserrinne/
136;Himmelsleiter;46,9941;11,7775;;;55ø;;;;;;https://www.bergsteigen.com/touren/eisklettern/himmelsleiter/
137;Hintere Schw„rze Nordwand;46,7750174;10,91099;;;50ø;;;;;;https://www.bergsteigen.com/touren/eisklettern/hintere-schwaerze-nordwand/
138;Hinterer Spiegelkogel Nordflanke;46,8321;10,9588;;;40ø;;;;;;https://www.bergsteigen.com/touren/eisklettern/hinterer-spiegelkogel-nordflanke/
139;Hochfeiler Nordwand;46,9742;11,7297;;;50ø;;;;;;https://www.bergsteigen.com/touren/eisklettern/hochfeiler-nordwand/
141;Hohe Kirche Nordverschneidung;47,034775;11,609877;;;M6 / 6+/7-;;;;;;https://www.bergsteigen.com/touren/eisklettern/hohe-kirche-nordverschneidung/
142;Hoher First Nordwestflanke;46,8295;11,0706;;;40ø / 1-;;;;;;https://www.bergsteigen.com/touren/eisklettern/hoher-first-nordwestflanke/
143;Homozack;47,083;12,5253;;;M8 / WI5;;;;;;https://www.bergsteigen.com/touren/eisklettern/homozack/
144;Hookuspokus - Kraspestal;47,191333;11,066194;;;M7-;;;;;;https://www.bergsteigen.com/touren/eisklettern/hookuspokus-kraspestal/
145;Ice patrol - Stinkerf„lle;47,451874;10,899612;;;M8;;;;;;https://www.bergsteigen.com/touren/eisklettern/ice-patrol-stinkerfaelle/
146;Iceman - Pinnistal;47,07;11,3266;;;M8 / WI5;;;;;;https://www.bergsteigen.com/touren/eisklettern/iceman-pinnistal/
147;Innenbanane - Groáglockner;47,070089;12,69519;;;M5 / WI4;;;;;;https://www.bergsteigen.com/touren/eisklettern/innenbanane-grossglockner/
148;Institutionalized 2023 - Axamer Lizum;47,1824321;11,2931482;;;M8- / 6-;;;;;;https://www.bergsteigen.com/touren/eisklettern/institutionalized-2023-axamer-lizum/
150;King Kong;47,1189;10,4713;;;M7 / WI6;;;;;;https://www.bergsteigen.com/touren/eisklettern/king-kong/
151;Kitzm”rderfall;47,09875929;10,8103323;;;WI5;;;;;;https://www.bergsteigen.com/touren/eisklettern/kitzmoerderfall/
152;Klettergarten Gully - Oberried;47,07652;10,94865;;;WI3;;;;;;https://www.bergsteigen.com/touren/eisklettern/klettergarten-gully-oberried/
153;Salto Kamin- Laserz Nordwand;46,776166;12,81022;;;M6+ / WI5+;;;;;;https://www.bergsteigen.com/touren/eisklettern/kopie-tabernakel-laserz-nordwand/
154;Kraftwerksfall;47,10711385;11,13799095;;;WI3;;;;;;https://www.bergsteigen.com/touren/eisklettern/kraftwerksfall/
155;Kronleuchter;47,1189;10,4713;;;WI6+ / M5+;;;;;;https://www.bergsteigen.com/touren/eisklettern/kronleuchter/
156;Khtaibacherl - Eisfall;47,2213;10,9276;;;WI3;;;;;;https://www.bergsteigen.com/touren/eisklettern/kuehtaibacherl-eisfall/
157;L„mperJack - Laserz Nordwand L„mperschoá;46,776166;12,81022;;;WI4 / M4;;;;;;https://www.bergsteigen.com/touren/eisklettern/laemperjack-laserz-nordwand-laemperschoss/
158;Last Exit 4146 - Muttenkopf;47,01886327;11,36547232;;;50ø / M7 / WI4;;;;;;https://www.bergsteigen.com/touren/eisklettern/last-exit-4146-muttenkopf/
159;Lasur d`amour - Pinnistal;47,0705;11,3271;;;M6+ / WI5;;;;;;https://www.bergsteigen.com/touren/eisklettern/lasur-damour-pinnistal/
160;Lavantner Kolmfall;46,778059;12,847744;;;WI4;;;;;;https://www.bergsteigen.com/touren/eisklettern/lavantner-kolmfall/
161;Lawinenexpress - Pitztal;47,023063;10,861877;;;M7-;;;;;;https://www.bergsteigen.com/touren/eisklettern/lawinenexpress-pitztal/
162;Limited in Freedom - Sagwand;47,029066;11,627809;;;WI6 / M6;;;;;;https://www.bergsteigen.com/touren/eisklettern/limited-in-freedom-sagwand/
163;Linker K”pflalmfall;47,1368;11,9943;;;WI4-;;;;;;https://www.bergsteigen.com/touren/eisklettern/linker-koepflalmfall/
164;Linker Kraftwerksfall;47,1078733;11,13876343;;;WI5+;;;;;;https://www.bergsteigen.com/touren/eisklettern/linker-kraftwerksfall-1/
165;Linker Westwandfall - Kleiner Magner;47,11124;12,03935;;;WI5;;;;;;https://www.bergsteigen.com/touren/eisklettern/linker-westwandfall-kleiner-magner/
166;Linker Zwingenfall;47,1045;11,1364;;;WI5;;;;;;https://www.bergsteigen.com/touren/eisklettern/linker-zwingenfall/
167;Little Joys For Bigger Happiness;47,04916;11,65013;;;WI3 / M5;;;;;;https://www.bergsteigen.com/touren/eisklettern/little-joys-for-bigger-happiness/
168;Lost in Pollywood - Ralfkopf;46,961264;12,711184;;;M5+ / WI4;;;;;;https://www.bergsteigen.com/touren/eisklettern/lost-in-pollywood-ralfkopf/
169;Lsener Fernerkogel Nordwand;47,1002;11,1135;;;WI4+ / M6;;;;;;https://www.bergsteigen.com/touren/eisklettern/luesener-fernerkogel-nordwand/
170;Luibisbodenfall - Eisprinzessinen Pitztal;47,048409;10,864032;;;WI4+;;;;;;https://www.bergsteigen.com/touren/eisklettern/luibisbodenfall-eisprinzessinen-pitztal/
171;Mac Mapi - Krinnenspitze;47,47563613;10,58586359;;;55ø / 5;;;;;;https://www.bergsteigen.com/touren/eisklettern/mac-mapi-krinnenspitze/
172;M„nner im Rcken;47,0718;11,3267;;;M8 / WI5;;;;;;https://www.bergsteigen.com/touren/eisklettern/maenner-im-ruecken/
173;M„nner mit Moral - Pinnisalm;47,07412;11,33196;;;M8 / WI6;;;;;;https://www.bergsteigen.com/touren/eisklettern/maenner-mit-moral/
174;Marchlehnfall;46,97691444;10,87543488;;;WI5-;;;;;;https://www.bergsteigen.com/touren/eisklettern/marchlehnfall/
175;Mariafall - Achensee;47,4558;11,698;;;WI5+;;;;;;https://www.bergsteigen.com/touren/eisklettern/mariafall-achensee/
176;Mc Drive Eisfall;47,3781;11,8305;;;WI4-;;;;;;https://www.bergsteigen.com/touren/eisklettern/mc-drive-eisfall/
177;Mitterndorfer Eisfall Kufstein;47,5765;12,1801;;;WI2;;;;;;https://www.bergsteigen.com/touren/eisklettern/mitterndorfer-eisfall-kufstein/
178;Moonwalk - Hohe Warte;47,0362;11,616;;;WI6 / M7;;;;;;https://www.bergsteigen.com/touren/eisklettern/moonwalk-hohe-warte/
179;Multiple joys;47,09244868;10,81863642;;;M7 / WI6+;;;;;;https://www.bergsteigen.com/touren/eisklettern/multiple-joys/
180;Mutmalspitze Nordwand;46,7921;10,9162;;;45ø;;;;;;https://www.bergsteigen.com/touren/eisklettern/mutmalspitze-nordwand/
181;Nameless - Neurur;47,0260029;10,8609432;;;WI5+ / WI5+;;;;;;https://www.bergsteigen.com/touren/eisklettern/nameless-neurur/
182;Irzweg - Irzw„nde;47,2322424;11,0146259;;;M3+ / WI4;;;;;;https://www.bergsteigen.com/touren/eisklettern/nix-dabei/
183;Notwegfall;46,93893885;10,8984375;;;WI4;;;;;;https://www.bergsteigen.com/touren/eisklettern/notwegfall/
184;Oberer Grawa Eisfall Stubaital;47,010992;11,186804;;;WI3 / WI6;;;;;;https://www.bergsteigen.com/touren/eisklettern/oberer-grawa-eisfall-stubaital/
185;Obstanser Wasserfall - Obstanser Eisfall;46,6981105;12,4920904;;;WI4- / WI4+;;;;;;https://www.bergsteigen.com/touren/eisklettern/obstanser-wasserfall-obstanser-eisfall/
186;Eispark Osttirol;47,1262;12,4787;;;WI5 / WI3+;;;;;;https://www.bergsteigen.com/touren/eisklettern/osttiroler-eiskletterpark/
187;Ostwand Couloir - Lsener Fernerkogel;47,10121;11,12906;;;55ø / M4;;;;;;https://www.bergsteigen.com/touren/eisklettern/ostwand-couloir-luesener-fernerkogel/
188;Paracelsus;47,1149;11,1405;;;WI5+ / M6;;;;;;https://www.bergsteigen.com/touren/eisklettern/paracelsus/
189;Pechtl Arena & Zapfen;47,61082877;12,46471882;;;WI3+ / WI5+;;;;;;https://www.bergsteigen.com/touren/eisklettern/pechtl-arena-zapfen/
190;Pechtl Gully - Erpfendorf;47,61173312;12,46364594;;;WI3- / M3;;;;;;https://www.bergsteigen.com/touren/eisklettern/pechtl-gully-erpfendorf/
191;Pendling Eisfall;47,5695;12,1116;;;WI5;;;;;;https://www.bergsteigen.com/touren/eisklettern/pendling-eisfall/
192;Petit Hiking - Groáglockner;47,07086216;12,69000763;;;M6+;;;;;;https://www.bergsteigen.com/touren/eisklettern/petit-hiking-grossglockner/
193;Pick`n Weed - Maningkogl Nordwand;47,1929;10,9606;;;M5- / M5+;;;;;;https://www.bergsteigen.com/touren/eisklettern/pickn-weed-maningkogl-nordwand/
194;Pinzgeralm Eisfall;47,6431;12,4469;;;WI5-;;;;;;https://www.bergsteigen.com/touren/eisklettern/pinzgeralm-eisfall/
195;Pitztaler Eisexpress;46,8867;10,8472;;;55ø / 1;;;;;;https://www.bergsteigen.com/touren/eisklettern/pitztaler-eisexpress/
196;Gallyer - Pitztaler Eisrinne;46,98364866;10,8772587;;;WI4;;;;;;https://www.bergsteigen.com/touren/eisklettern/pitztaler-eisrinne/
197;Plan B, Zw”lferkogel Nordwand;47,1925;11,008;;;M5- / WI4;;;;;;https://www.bergsteigen.com/touren/eisklettern/plan-b-zwoelferkogel-nordwand/
198;Plattkogel Eisfall;47,17873858;10,99179983;;;WI3;;;;;;https://www.bergsteigen.com/touren/eisklettern/plattkogel-eisfall/
199;Point 2598 Diagonale;47,186796;11,034211;;;M4;;;;;;https://www.bergsteigen.com/touren/eisklettern/point-2598-diagonale/
200;Rabenwand Eisfall;47,0555;11,7575;;;WI5-;;;;;;https://www.bergsteigen.com/touren/eisklettern/rabenwand-eisfall/
201;Ramolkogel Nordwand;46,84855838;10,96316457;;;50ø;;;;;;https://www.bergsteigen.com/touren/eisklettern/ramolkogel-nordwand/
202;Rechte Nordwestwand - Schrammacher;47,04014;11,57676;;;80ø / M6;;;;;;https://www.bergsteigen.com/touren/eisklettern/rechte-nordwestwand-schrammacher/
203;Rechter Flittneralm Eisfall;47,0456;11,5917;;;WI3+;;;;;;https://www.bergsteigen.com/touren/eisklettern/rechter-flittneralm-eisfall/
204;Rechter und linker Rauchenbichlfall;47,10936;10,80075;;;WI5+;;;;;;https://www.bergsteigen.com/touren/eisklettern/rechter-und-linker-rauchenbichlfall/
205;Rechter Westwandfall - Kleiner Magner;47,1102;12,03933;;;WI4+ / M4;;;;;;https://www.bergsteigen.com/touren/eisklettern/rechter-westwandfall-kleiner-magner/
206;Reislehn Eisfall;46,98357591;10,87882519;;;WI4+;;;;;;https://www.bergsteigen.com/touren/eisklettern/reislehn-eisfall/
207;Rocket Rustical - Teischnitztal;47,055932;12,6796681;;;WI5+ / M4;;;;;;https://www.bergsteigen.com/touren/eisklettern/rocket-rustical-teischnitztal/
208;R”tenspitze Nordwand;46,7769;10,945;;;45ø;;;;;;https://www.bergsteigen.com/touren/eisklettern/roetenspitze-nordwand/
209;Rofelewand Nordwand - Nordwandballett;47,034852;10,823735;;;55ø / M5 / 3;;;;;;https://www.bergsteigen.com/touren/eisklettern/rofelewand-nordwand-nordwandballett/
210;Rolle Eisfall - Zillertal;47,1118;11,8057;;;WI4;;;;;;https://www.bergsteigen.com/touren/eisklettern/rolle-eisfall-zillertal/
212;Rumpelstilzchen - Burgschrofen Kraspestal;47,19127272;11,06475592;;;M6;;;;;;https://www.bergsteigen.com/touren/eisklettern/rumpelstilzchen/
213;Russisches Roulette - Kristallwand Nordostwand;47,09641;12,3989;;;45ø / WI5 / M6;;;;;;https://www.bergsteigen.com/touren/eisklettern/russisches-roulette-kristallwand-nordostwand/
214;S„gebach Eisf„lle;46,72005884;12,42527125;;;WI4- / WI5+;;;;;;https://www.bergsteigen.com/touren/eisklettern/saegebach-eisfaelle/
215;Sagf„lle;47,2537;11,6168;;;WI5-;;;;;;https://www.bergsteigen.com/touren/eisklettern/sagfaelle/
216;Sagwandspitze - Mittelpfeiler-Couloir;47,0309208;11,6265771;;;85ø / M6;;;;;;https://www.bergsteigen.com/touren/eisklettern/sagwand-nordwand-mittelpfeiler-couloir/
217;Sagzahnverschneidung - Sagwand;47,027997;11,631448;;;M6 / WI4;;;;;;https://www.bergsteigen.com/touren/eisklettern/sagzahnverschneidung-sagwand/
218;Schall und Rauch - Kraspestal;47,19127272;11,06475592;;;M5+;;;;;;https://www.bergsteigen.com/touren/eisklettern/schall-und-rauch-1/
219;Schattseitfall;47,1246;11,9991;;;WI5;;;;;;https://www.bergsteigen.com/touren/eisklettern/schattseitfall/
220;Scheisskluppenfall;47,1976;11,1273;;;WI5;;;;;;https://www.bergsteigen.com/touren/eisklettern/scheisskluppenfall/
221;Schildalm Eisfall;47,10192186;12,50621796;;;WI2-;;;;;;https://www.bergsteigen.com/touren/eisklettern/schildalm-eisfall/
222;Schitter Eisfall - Neustift Stubaital;47,10213389;11,30815029;;;WI3+;;;;;;https://www.bergsteigen.com/touren/eisklettern/schitter-eisfall-neustift-stubaital/
223;Schleicherlaufen;47,11507;11,14059;;;WI5+ / M6;;;;;;https://www.bergsteigen.com/touren/eisklettern/schleicherlaufen/
224;Schneelehnfall;46,95400485;10,88491917;;;WI4+;;;;;;https://www.bergsteigen.com/touren/eisklettern/schneelehnfall/
225;Schneewittchen;47,0162756;11,19532585;;;WI4+;;;;;;https://www.bergsteigen.com/touren/eisklettern/schneewittchen/
227;Schrammacher Diagonale;47,02895;11,63195;;;M5-;;;;;;https://www.bergsteigen.com/touren/eisklettern/schrammacher-diagonale/
228;Schrammacher Nordwand Direttissima;47,03742457;11,64965208;;;WI6 / M7;;;;;;https://www.bergsteigen.com/touren/eisklettern/schrammacher-nordwand-direttissima/
229;Schrankogel Nordost-Flanke;47,045;11,1021;;;50ø;;;;;;https://www.bergsteigen.com/touren/eisklettern/schrankogel-nordost-flanke/
230;Schwarze Wand Nordostwand Eisschlucht;47,1057457;12,3712635;;;85ø / M5;;;;;;https://www.bergsteigen.com/touren/eisklettern/schwarze-wand-nordostwand-eisschlucht/
231;Schwarze Witwe;47,04742;11,61647;;;WI6 / M5;;;;;;https://www.bergsteigen.com/touren/eisklettern/schwarze-witwe/
232;Schwerer als ein lockerer Arch - Beilfall Groáen Tr”gler;47,0006227;11,1519643;;;M9-;;;;;;https://www.bergsteigen.com/touren/eisklettern/schwerer-als-ein-lockerer-arch/
233;Seebenseefall;47,3747;10,9414;;;WI6;;;;;;https://www.bergsteigen.com/touren/eisklettern/seebenseefall/
234;Seirl”cherkogel Eisfall - Pitztal;47,0319389;10,8629323;;;WI5+;;;;;;https://www.bergsteigen.com/touren/eisklettern/seirloecherkogel-eisfall-pitztal/
235;Seirl”cherkogelfall;47,03880402;10,85972786;;;WI5;;;;;;https://www.bergsteigen.com/touren/eisklettern/seirloecherkogelfall/
236;Serfauserfeld Eisfall;47,047;10,6316;;;WI4+;;;;;;https://www.bergsteigen.com/touren/eisklettern/serfauserfeld-eisfall/
237;Shameless - Neurur;47,0260029;10,8609432;;;M7- / WI5+;;;;;;https://www.bergsteigen.com/touren/eisklettern/shameless-neurur/
238;Similaun Nordwand;46,7667241;10,88241935;;;50ø;;;;;;https://www.bergsteigen.com/touren/eisklettern/similaun-nordwand/
239;Sintflut - Niederer Prijakt Nordwand;46,91594;12,70626;;;M6 / WI5;;;;;;https://www.bergsteigen.com/touren/eisklettern/sintflut-niederer-prijakt-nordwand/
240;Sonnenk”nig - Patsch Sd;46,92355;12,250045;;;WI6;;;;;;https://www.bergsteigen.com/touren/eisklettern/sonnenkoenig-patsch-sued/
241;Spannagel Gully;47,07597;11,6631759;;;WI4-;;;;;;https://www.bergsteigen.com/touren/eisklettern/spannagel-gully/
242;Spinnenbein;47,010683;10,69719672;;;WI6-;;;;;;https://www.bergsteigen.com/touren/eisklettern/spinnenbein/
243;Stalingrad - Grubenkarspitze;47,382133;11,529989;;;M8 / WI7;;;;;;https://www.bergsteigen.com/touren/eisklettern/stalingrad-grubenkarspitze/
244;Stalingrad - Haidachstellwand NO-Wand;47,44474248;11,78511143;;;WI5-;;;;;;https://www.bergsteigen.com/touren/eisklettern/stalingrad-haidachstellwand-no-wand/
245;Steinwandfall;47,08329;12,52526;;;WI5;;;;;;https://www.bergsteigen.com/touren/eisklettern/steinwandfall/
246;Stirb langsam - Seebenw„nde;47,3745;10,9419;;;M11+ / WI6+;;;;;;https://www.bergsteigen.com/touren/eisklettern/stirb-langsam-seebenwaende/
247;Strublb„da - Kraspestal;47,191333;11,066194;;;M5+;;;;;;https://www.bergsteigen.com/touren/eisklettern/strublbaeda-kraspestal/
248;Bachfalle;47,0236;10,8712;;;WI5;;;;;;https://www.bergsteigen.com/touren/eisklettern/sturpenrinnenfall/
250;Sulzenauer Eisfall;46,99876105;11,18416786;;;WI3+;;;;;;https://www.bergsteigen.com/touren/eisklettern/sulzenauer-eisfall/
251;Sunblocker 2;47,0453;11,5904;;;WI4+;;;;;;https://www.bergsteigen.com/touren/eisklettern/sunblocker-2/
252;Sunblocker;47,0453;11,5895;;;WI6- / M4;;;;;;https://www.bergsteigen.com/touren/eisklettern/sunblocker/
253;Sunday Explorer;46,957971;10,882287;;;WI2;;;;;;https://www.bergsteigen.com/touren/eisklettern/sunday-explorer/
254;Sundays for future - Gl”dis;46,962661;12,723854;;;M4+;;;;;;https://www.bergsteigen.com/touren/eisklettern/sundays-for-future-gloedis/
255;Tabernakel - Laserz Nordwand;46,776166;12,81022;;;M5+ / WI5+;;;;;;https://www.bergsteigen.com/touren/eisklettern/tabernakel-laserz-nordwand/
256;Taschach-Eiswand;46,8965;10,8318;;;55ø / 1;;;;;;https://www.bergsteigen.com/touren/eisklettern/taschach-eiswand/
257;Terra Promessa - Laserz Nordwand;46,776166;12,81022;;;M5+ / WI6;;;;;;https://www.bergsteigen.com/touren/eisklettern/terra-promessa-laserz-nordwand/
258;Teufelskralle;47,009;10,6956;;;M7+ / WI6+;;;;;;https://www.bergsteigen.com/touren/eisklettern/teufelskralle/
259;The Big Corner - Sulzkogel Westschulter;47,182479;11,00152;;;M6;;;;;;https://www.bergsteigen.com/touren/eisklettern/the-big-corner-sulzkogel-westschulter/
260;The Great Roof;47,11233503;10,8053112;;;M9;;;;;;https://www.bergsteigen.com/touren/eisklettern/the-great-roof/
261;The Icefactor - Westlicher Geierkopf Nordwand;47,5189;10,8657;;;M7 / WI5;;;;;;https://www.bergsteigen.com/touren/eisklettern/the-icefactor-westlicher-geierkopf-nordwand/
262;The Wind Corner;47,00838964;10,69394588;;;WI6;;;;;;https://www.bergsteigen.com/touren/eisklettern/the-wind-corner/
263;Thriller - Hohe Warte;47,033896;11,617838;;;WI5+;;;;;;https://www.bergsteigen.com/touren/eisklettern/thriller-hohe-warte/
264;Tr„nen der Sehnsucht;46,983;10,8795;;;WI6 / M6;;;;;;https://www.bergsteigen.com/touren/eisklettern/traenen-der-sehnsucht/
265;Tristenkopf - Nordrinne;47,3306701;11,9578378;;;M2+ / 60ø / 2+/3-;;;;;;https://www.bergsteigen.com/touren/eisklettern/tristenkopf-nordrinne/
266;"Urfall direct ""Eierpecker""";47,0049;11,2253;;;M8 / WI5-;;;;;;https://www.bergsteigen.com/touren/eisklettern/urfall-direct-eierpecker/
267;Urfall;47,005;11,2257;;;WI5+;;;;;;https://www.bergsteigen.com/touren/eisklettern/urfall/
268;Via Margit;47,12452739;11,99958086;;;M8+ / WI6-;;;;;;https://www.bergsteigen.com/touren/eisklettern/via-margit/
269;Victimes des ‚tique(ttes) - Lsens;47,1139;11,1407;;;M10 / WI3;;;;;;https://www.bergsteigen.com/touren/eisklettern/victimes-des-etiquettes/
270;Vordere Reiselehn Eisfall;46,98398579;10,87792397;;;WI5+;;;;;;https://www.bergsteigen.com/touren/eisklettern/vordere-reiselehn-eisfall/
271;Vorderer Brunnenkogel Nordwand;47,08481647;11,0951272;;;M4+;;;;;;https://www.bergsteigen.com/touren/eisklettern/vorderer-brunnenkogel-nordwand/
272;Vorderer Brunnenkogel Nordwestpfeiler;47,0843;11,1024;;;M4;;;;;;https://www.bergsteigen.com/touren/eisklettern/vorderer-brunnenkogel-nordwestpfeiler/
273;Vorhang Pinnistal;47,0717;11,3288;;;WI5-;;;;;;https://www.bergsteigen.com/touren/eisklettern/vorhang-pinnistal/
274;Walk the Line - Zw”lferkogel Nordwestwand;47,19017909;11,00117683;;;55ø / 5/5+;;;;;;https://www.bergsteigen.com/touren/eisklettern/walk-the-line-zwoelferkogel-nordwestwand/
275;Warnschuss;47,45677142;10,51410913;;;M5;;;;;;https://www.bergsteigen.com/touren/eisklettern/warnschuss/
276;Wasserfall - Nasse Wand;47,454348;11,987379;;;WI4-;;;;;;https://www.bergsteigen.com/touren/eisklettern/wasserfall-nasse-wand/
277;Wechnerwand Nordwand - Plan W;47,1874;10,97087;;;M5+;;;;;;https://www.bergsteigen.com/touren/eisklettern/wechnerwand-nordwand-plan-w/
278;Weiábachgraben Eisf„lle;47,57720654;12,62947083;;;WI5;;;;;;https://www.bergsteigen.com/touren/eisklettern/weissbachgraben-eisfaelle/
280;Weiáseespitze Nordwand;46,849971;10,71428776;;;50ø;;;;;;https://www.bergsteigen.com/touren/eisklettern/weissseespitze-nordwand/
282;Westl. Marzell Spitze Nordwestwand;46,76998362;10,88925362;;;50ø;;;;;;https://www.bergsteigen.com/touren/eisklettern/westl-marzell-spitze-nordwestwand/
283;Westwandrinne;47,0038;11,8422;;;45ø / M3;;;;;;https://www.bergsteigen.com/touren/eisklettern/westwandrinne/
284;White gold - Gl”dis;46,962661;12,723854;;;M5+;;;;;;https://www.bergsteigen.com/touren/eisklettern/white-gold-gloedis/
286;Wildspitze Nordwand;46,8885;10,8672;;;50ø;;;;;;https://www.bergsteigen.com/touren/eisklettern/wildspitze-nordwand/
287;Wildspitze Nordwestgrat;46,8914;10,8643;;;40ø;;;;;;https://www.bergsteigen.com/touren/eisklettern/wildspitze-nordwestgrat/
288;Wildspitze Sdcouloir;46,8797;10,8669;;;45ø;;;;;;https://www.bergsteigen.com/touren/eisklettern/wildspitze-suedcouloir/
289;Wind of Change - Zw”lferkogel Nordwand;47,1925;11,008;;;M5;;;;;;https://www.bergsteigen.com/touren/eisklettern/wind-of-change-zwoelferkogel-nordwand/
290;Winter-Variante am Fuástein;47,0472224;11,6421466;;;M6+;;;;;;https://www.bergsteigen.com/touren/eisklettern/winter-variante-am-fussstein/
291;Wde Henn;47,47192315;12,06401825;;;WI7-;;;;;;https://www.bergsteigen.com/touren/eisklettern/wuede-henn/
292;Wunschkonzert - Rosshag Eisfall;47,0841;11,7645;;;WI6-;;;;;;https://www.bergsteigen.com/touren/eisklettern/wunschkonzert-rosshag-eisfall/
293;Xice - Niederer Prijakt Westwand;46,91358;12,70585;;;M6 / WI5;;;;;;https://www.bergsteigen.com/touren/eisklettern/xice-niederer-prijakt-westwand/
294;Zedlacher Eisfall - Tauerntal;47,02621;12,51287;;;WI4+ / M4;;;;;;https://www.bergsteigen.com/touren/eisklettern/zedlacher-eisfall-tauerntal/
295;Zemmschlucht Eisfall;47,1405;11,8232;;;WI3-;;;;;;https://www.bergsteigen.com/touren/eisklettern/zemmschlucht-eisfall/
296;Zemmschlucht Eisschild;47,1429;11,8299;;;WI4-;;;;;;https://www.bergsteigen.com/touren/eisklettern/zemmschlucht-eisschild/
297;Zuckerhtl Nordwand;46,9652;11,15352;;;55ø / 1;;;;;;https://www.bergsteigen.com/touren/eisklettern/zuckerhuetl-nordwand/
298;Zwingenfall;47,10414171;11,13586664;;;WI4-;;;;;;https://www.bergsteigen.com/touren/eisklettern/zwingenfall/
299;Nordwandprinzessin - Zw”lferkogel Nordwand;47,19047073;11,00349426;;;M5+ / WI4;;;;;;https://www.bergsteigen.com/touren/eisklettern/zwoelferkogel-nordwand-nordwandprinzessin/
