uid,icefall_name,ice_lat,ice_lon,station_id,station_name,source,station_lat,station_lon,dist_km,icefall_elev_m,elev_diff_m,has_temp,has_precip,has_rh_or_td,ice_topo_pos,station_topo_pos,topo_pos_diff,path_barrier_m,same_valley_dem,thermal_score
1,Mannerschnitte,47.18785309,10.91448647,136,Umhausen,GeoSphere,47.13917,10.92889,5.527937693785076,946.551025390625,-88.448974609375,TRUE,TRUE,TRUE,0.4183185235816815,0.26351813826146475,0.15480038532021673,597.2767285156249,FALSE,8.282568200331664
2,Baselayer,47.18157945,10.92174323,136,Umhausen,GeoSphere,47.13917,10.92889,4.751889359789727,1357.6910400390625,322.6910400390625,TRUE,TRUE,TRUE,0.46767020184741703,0.26351813826146475,0.20415206358595228,472.88556640625006,FALSE,7.74261541627024
3,Zapfenstreich,47.1814644,10.90196581,136,Umhausen,GeoSphere,47.13917,10.92889,5.130325792541421,980.32098388671875,-54.67901611328125,TRUE,TRUE,TRUE,0.49538145740677386,0.26351813826146475,0.2318633191453091,13.959887695312545,TRUE,5.962613290260551
4,Zwei Welten,47.1814644,10.90196581,136,Umhausen,GeoSphere,47.13917,10.92889,5.130325792541421,980.32098388671875,-54.67901611328125,TRUE,TRUE,TRUE,0.49538145740677386,0.26351813826146475,0.2318633191453091,13.959887695312545,TRUE,5.962613290260551
6,Kalte Dusche,47.17457496,10.91958106,136,Umhausen,GeoSphere,47.13917,10.92889,4.003758831374214,1197.489990234375,162.489990234375,TRUE,TRUE,TRUE,0.5355677154582763,0.26351813826146475,0.27204957719681155,504.9188427734375,FALSE,6.925807909644336
7,Sibirien,47.17457496,10.91958106,136,Umhausen,GeoSphere,47.13917,10.92889,4.003758831374214,1197.489990234375,162.489990234375,TRUE,TRUE,TRUE,0.5355677154582763,0.26351813826146475,0.27204957719681155,504.9188427734375,FALSE,6.925807909644336
8,Vorsaison,47.17457496,10.91958106,136,Umhausen,GeoSphere,47.13917,10.92889,4.003758831374214,1197.489990234375,162.489990234375,TRUE,TRUE,TRUE,0.5355677154582763,0.26351813826146475,0.27204957719681155,504.9188427734375,FALSE,6.925807909644336
9,Golden Shower,47.15611614,10.9050394,136,Umhausen,GeoSphere,47.13917,10.92889,2.6113727487337908,1097.0799560546875,62.0799560546875,TRUE,TRUE,TRUE,0.4331623931623932,0.26351813826146475,0.16964425490092844,0,TRUE,3.2755054035732947
10,Reichalm Fall,47.16324699,10.94194281,136,Umhausen,GeoSphere,47.13917,10.92889,2.8565945704569753,1613.6590576171875,578.6590576171875,TRUE,TRUE,TRUE,0.25265320095857585,0.26351813826146475,0.0108649373028889,61.14206542968759,TRUE,4.335837026408611
11,Dripping Elegance,47.12597744,10.90943499,136,Umhausen,GeoSphere,47.13917,10.92889,2.080267662136953,1762.8399658203125,727.8399658203125,TRUE,TRUE,TRUE,0.6071917808219178,0.26351813826146475,0.3436736425604531,0,FALSE,4.9308885043690935
12,Nachtfalter,47.10893708,10.95374477,136,Umhausen,GeoSphere,47.13917,10.92889,3.8562665155685973,1252.68896484375,217.68896484375,TRUE,TRUE,TRUE,0.39200273410799724,0.26351813826146475,0.1284845958465325,291.1788085937501,FALSE,5.63065794959257
13,Spongebob,47.10119125,10.96701683,136,Umhausen,GeoSphere,47.13917,10.92889,5.120056150732976,1747.822021484375,712.822021484375,TRUE,TRUE,TRUE,0.46253848785494356,0.26351813826146475,0.1990203495934788,50.26695800781249,TRUE,7.4991722532243505
14,Drytooling Klettergarten,47.09844413,10.95780488,136,Umhausen,GeoSphere,47.13917,10.92889,5.034966810425476,1166.8260498046875,131.8260498046875,TRUE,TRUE,TRUE,0.5034223134839151,0.26351813826146475,0.23990417522245033,354.7136474609374,FALSE,7.183099050448295
15,Triple Direkt,47.0869413,10.94041113,136,Umhausen,GeoSphere,47.13917,10.92889,5.879223217329125,1278.708984375,243.708984375,TRUE,TRUE,TRUE,0.5359342915811088,0.26351813826146475,0.2724161533196441,80.14616699218755,TRUE,7.306328806194308
16,Guillotine,47.08371193,10.944314,136,Umhausen,GeoSphere,47.13917,10.92889,6.283182427534589,1177.373046875,142.373046875,TRUE,TRUE,TRUE,0.4948630136986301,0.26351813826146475,0.23134487543716536,164.302724609375,FALSE,7.670360569471086
17,Mixed Klettergarten Liftspur,47.08286448,10.96371174,LBRE2,Breiter Grieskogel Schneestation,LWD,47.0839527777778,11.0273833333333,4.827897642908611,1190.5830078125,-1194.4169921875,TRUE,FALSE,TRUE,0.5812521382141635,0.50580997949419,0.0754421587199735,80.61337890625009,TRUE,8.04272011516228
18,Esso Mixed,47.07002952,10.97153602,LBRE2,Breiter Grieskogel Schneestation,LWD,47.0839527777778,11.0273833333333,4.508584036256097,1203.1390380859375,-1181.8609619140625,TRUE,FALSE,TRUE,0.5095890410958904,0.50580997949419,0.003779061601700384,21.440380859375182,TRUE,7.474573625846355
19,Badle,47.07002952,10.97153602,LBRE2,Breiter Grieskogel Schneestation,LWD,47.0839527777778,11.0273833333333,4.508584036256097,1203.1390380859375,-1181.8609619140625,TRUE,FALSE,TRUE,0.5095890410958904,0.50580997949419,0.003779061601700384,21.440380859375182,TRUE,7.474573625846355
20,Burgsteiner Mixed,47.06117835,10.96930442,LBRE2,Breiter Grieskogel Schneestation,LWD,47.0839527777778,11.0273833333333,5.081028452927741,1338.0789794921875,-1046.9210205078125,TRUE,FALSE,TRUE,0.493844049247606,0.50580997949419,0.011965930246584044,0,TRUE,7.734228794937025
21,Mixed Klettergebiet,47.05883952,10.96612868,LBRE2,Breiter Grieskogel Schneestation,LWD,47.0839527777778,11.0273833333333,5.420710906569744,1283.89697265625,-1101.10302734375,TRUE,FALSE,TRUE,0.6214090287277702,0.50580997949419,0.11559904923358011,0,TRUE,8.52026562262986
22,Nordstau,47.05883952,10.96612868,LBRE2,Breiter Grieskogel Schneestation,LWD,47.0839527777778,11.0273833333333,5.420710906569744,1283.89697265625,-1101.10302734375,TRUE,FALSE,TRUE,0.6214090287277702,0.50580997949419,0.11559904923358011,0,TRUE,8.52026562262986
23,Pokerface,47.05883952,10.96612868,LBRE2,Breiter Grieskogel Schneestation,LWD,47.0839527777778,11.0273833333333,5.420710906569744,1283.89697265625,-1101.10302734375,TRUE,FALSE,TRUE,0.6214090287277702,0.50580997949419,0.11559904923358011,0,TRUE,8.52026562262986
24,New Life,47.05883952,10.96612868,LBRE2,Breiter Grieskogel Schneestation,LWD,47.0839527777778,11.0273833333333,5.420710906569744,1283.89697265625,-1101.10302734375,TRUE,FALSE,TRUE,0.6214090287277702,0.50580997949419,0.11559904923358011,0,TRUE,8.52026562262986
25,Via Ali,47.06047859,10.94324338,LBRE2,Breiter Grieskogel Schneestation,LWD,47.0839527777778,11.0273833333333,6.893706739973286,2002.720947265625,-382.279052734375,TRUE,FALSE,TRUE,0.5541880341880342,0.50580997949419,0.04837805469384415,17.446113281249836,TRUE,7.994538535890756
26,Lucky Strike,47.01162268,10.96634326,SGIG2,Giggijoch,LWD,46.972983,10.966994,4.301633293968032,1772.574951171875,-759.425048828125,TRUE,FALSE,TRUE,0.07534246575342465,0.47842465753424657,0.40308219178082194,351.6958984375001,FALSE,8.496226085130811
27,Fritz Phantom,47.00661867,10.9737247,SGIG2,Giggijoch,LWD,46.972983,10.966994,3.7790260839639873,2495.14599609375,-36.85400390625,TRUE,FALSE,TRUE,0.5656634746922025,0.47842465753424657,0.0872388171579559,428.5771191406252,FALSE,5.527186021765981
28,Waldesruh Ralley - Bichlfall,47.02797391,10.99501338,SGIG2,Giggijoch,LWD,46.972983,10.966994,6.480624506392677,1249.0179443359375,-1282.9820556640625,TRUE,FALSE,TRUE,0.3226027397260274,0.47842465753424657,0.1558219178082192,296.63723632812525,FALSE,11.022094344289993
29,Taufenbachfall (ohne Vorhang),47.02183284,10.99564764,SGIG2,Giggijoch,LWD,46.972983,10.966994,5.856953367979265,1228.572021484375,-1303.427978515625,TRUE,FALSE,TRUE,0.14500683994528044,0.47842465753424657,0.33341781758896616,308.69927734375005,FALSE,11.030573876410225
30,Mhlgartenfall / Betonwerks?õule,47.02183284,10.99564764,SGIG2,Giggijoch,LWD,46.972983,10.966994,5.856953367979265,1228.572021484375,-1303.427978515625,TRUE,FALSE,TRUE,0.14500683994528044,0.47842465753424657,0.33341781758896616,308.69927734375005,FALSE,11.030573876410225
31,Elfenbein,47.02183284,10.99564764,SGIG2,Giggijoch,LWD,46.972983,10.966994,5.856953367979265,1228.572021484375,-1303.427978515625,TRUE,FALSE,TRUE,0.14500683994528044,0.47842465753424657,0.33341781758896616,308.69927734375005,FALSE,11.030573876410225
32,R?õtselburg,47.0081575,10.99938127,SBAR2,Bartiges Bödele,LWD,46.961931,10.983463,5.285991776170061,1481.4849853515625,-622.5150146484375,TRUE,FALSE,TRUE,0.4952054794520548,0.609380349195481,0.11417486974342622,211.0853027343751,FALSE,7.709145132958933
33,Freizeitstress,47.0081575,10.99938127,SBAR2,Bartiges Bödele,LWD,46.961931,10.983463,5.285991776170061,1481.4849853515625,-622.5150146484375,TRUE,FALSE,TRUE,0.4952054794520548,0.609380349195481,0.11417486974342622,211.0853027343751,FALSE,7.709145132958933
34,Namenlos,46.97334271,11.01845886,SBAR2,Bartiges Bödele,LWD,46.961931,10.983463,2.9464075845384703,1698.0860595703125,-405.9139404296875,TRUE,FALSE,TRUE,0.547945205479452,0.609380349195481,0.061435143716028984,0,TRUE,4.145497866760776
35,Hohe Brcke,46.90466547,10.96714096,SVVO1,Marchkofel,LWD,46.89172,10.938071,2.639329183180285,1693.031005859375,-846.968994140625,TRUE,FALSE,TRUE,0.05157103825136612,0.637358877865207,0.5857878396138408,0,FALSE,6.5141151873733705
36,Testgolla,47.09844413,10.95780488,136,Umhausen,GeoSphere,47.13917,10.92889,5.034966810425476,1166.8260498046875,131.8260498046875,TRUE,TRUE,TRUE,0.5034223134839151,0.26351813826146475,0.23990417522245033,354.7136474609374,FALSE,7.183099050448295
37,Klettergarten Oberried - Eispark,47.07646018,10.94993127,136,Umhausen,GeoSphere,47.13917,10.92889,7.160548839621927,1173.43505859375,138.43505859375,TRUE,TRUE,TRUE,0.46972288744440643,0.26351813826146475,0.20620474918294168,111.08070800781252,TRUE,8.249573565686378
38,Zwieselsteinf?õlle,46.94276424,11.0333006,SBAR2,Bartiges Bödele,LWD,46.961931,10.983463,4.3467211219642055,1709.5970458984375,-394.4029541015625,TRUE,FALSE,TRUE,0.5071819425444597,0.609380349195481,0.10219840665102131,0,TRUE,5.639323727171176
39,Khlenkar Wasserfall,47.05703252,11.05611148,LBRE2,Breiter Grieskogel Schneestation,LWD,47.0839527777778,11.0273833333333,3.7047076017122236,2126.97900390625,-258.02099609375,TRUE,FALSE,TRUE,0.4430379746835443,0.50580997949419,0.06277200481064577,3.0235937500001455,TRUE,4.5380761063785355
40,Bachfalle,47.08530919,11.05938377,LBRE2,Breiter Grieskogel Schneestation,LWD,47.0839527777778,11.0273833333333,2.4303081789501246,2324.424072265625,-60.575927734375,TRUE,FALSE,TRUE,0.14452054794520547,0.50580997949419,0.3612894315489846,91.73793945312492,FALSE,3.712568050745516
41,Wtenbach/Kaisers,46.98954212,11.0200582,SBAR2,Bartiges Bödele,LWD,46.961931,10.983463,4.144068566641922,1506.60595703125,-597.39404296875,TRUE,FALSE,TRUE,0.388279643591501,0.609380349195481,0.22110070560397999,0,TRUE,6.300855790875737
42,Sevlstauda,47.10893708,10.95374477,136,Umhausen,GeoSphere,47.13917,10.92889,3.8562665155685973,1252.68896484375,217.68896484375,TRUE,TRUE,TRUE,0.39200273410799724,0.26351813826146475,0.1284845958465325,291.1788085937501,FALSE,5.63065794959257
43,Mammut Lex,47.02183284,10.99564764,SGIG2,Giggijoch,LWD,46.972983,10.966994,5.856953367979265,1228.572021484375,-1303.427978515625,TRUE,FALSE,TRUE,0.14500683994528044,0.47842465753424657,0.33341781758896616,308.69927734375005,FALSE,11.030573876410225
44,Gegenwind,47.0081575,10.99938127,SBAR2,Bartiges Bödele,LWD,46.961931,10.983463,5.285991776170061,1481.4849853515625,-622.5150146484375,TRUE,FALSE,TRUE,0.4952054794520548,0.609380349195481,0.11417486974342622,211.0853027343751,FALSE,7.709145132958933
45,Herbstgold,46.9564,10.96579,SBAR2,Bartiges Bödele,LWD,46.961931,10.983463,1.4771882574866644,2231.56591796875,127.56591796875,TRUE,FALSE,TRUE,0.3212576896787423,0.609380349195481,0.2881226595167387,13.962792968749909,TRUE,2.6604710309587554
46,Forsttechnik,47.01761,10.99537,SGIG2,Giggijoch,LWD,46.972983,10.966994,5.4149235498504575,1280.5679931640625,-1251.4320068359375,TRUE,FALSE,TRUE,0.27779678412589803,0.47842465753424657,0.20062787340834853,289.43230468750016,FALSE,9.983116405915348
47,Milchschnitte,47.18785309,10.91448647,136,Umhausen,GeoSphere,47.13917,10.92889,5.527937693785076,946.551025390625,-88.448974609375,TRUE,TRUE,TRUE,0.4183185235816815,0.26351813826146475,0.15480038532021673,597.2767285156249,FALSE,8.282568200331664
48,Venter Eisfall,46.8562,10.912953,SVVO2,Vorderegg,LWD,46.8735999798742,10.9211000089129,2.033790113604944,1933.7760009765625,-266.2239990234375,TRUE,FALSE,TRUE,0.22241261137765592,0.5347245980157372,0.31231198663808135,0,FALSE,3.636286071077782
49,24 hours of freedom - Sagwand,47.028754,11.628868,TTUX2,Tuxerjoch Schneestation,LWD,47.093149,11.648053,7.314563139568355,2446.76806640625,66.76806640625,TRUE,FALSE,TRUE,0.3094017094017094,0.7832933926737419,0.47389168327203246,532.2867773437501,FALSE,10.712305464775078
50,3. Zwerg,47.01676544,11.1960125,NSCH1,Schöckbichl,LWD,47.027353,11.178164,1.7954816850046331,1484.3990478515625,-1035.6009521484375,TRUE,FALSE,TRUE,0.1234610123119015,0.6233321929524461,0.49987118064054464,20.166455078124727,FALSE,5.8840976072973605
51,7. Zwerg - Grawa Eisgarten,47.0154,11.1927,NSCH1,Schöckbichl,LWD,47.027353,11.178164,1.7284071189330867,1495.407958984375,-1024.592041015625,TRUE,FALSE,TRUE,0.09610123119015047,0.6233321929524461,0.5272309617622957,12.784902343749764,FALSE,5.871580106759036
52,Adieu Konni - Geierkopf-Nordwand,47.522008,10.8802915,76,Reutte,GeoSphere,47.49444,10.71528,12.781843398873333,1633.4560546875,791.6560546875,TRUE,TRUE,TRUE,0.3498801780212256,0.36105407255304584,0.01117389453182021,342.35767578125,FALSE,15.843935922312545
53,Amore Fragile,46.9288,10.495,121,Nauders,GeoSphere,46.89111,10.49694,4.1982246675288035,1193.9019775390625,-136.29802246093757,TRUE,TRUE,TRUE,0.3398357289527721,0.15542622389592606,0.18440950505684603,350.78521484375005,FALSE,6.1753390982266865
54,Amphitrite,47.014,11.5028,16,Brenner,GeoSphere,47.00722,11.51083,0.9701284994936272,1433.698974609375,21.698974609375,TRUE,TRUE,TRUE,0.4323861691201643,0.25939979303208005,0.17298637608808426,12.471152343750193,TRUE,1.5433350642813175
55,Aria 51 - Laserz Nordwand,46.776166,12.81022,55,Lienz,GeoSphere,46.82555,12.80639,5.505143489978643,1820.7845458984375,1159.7845458984375,TRUE,TRUE,TRUE,0.3348168435467306,0.32945205479452055,0.00536478875221002,0,TRUE,8.420699220981366
56,Art of Freedom - Serles,47.1305388,11.3843588,FSEE2,Schlicker Alm,LWD,47.154432,11.303207,6.695534390663591,1919.7320556640625,274.7320556640625,TRUE,FALSE,TRUE,0.344957264957265,0.17602739726027397,0.168929867696991,327.9536279296876,FALSE,8.88096864463347
57,Asylzapfen in St. Gertraudi,47.4039,11.8442,42,Jenbach,GeoSphere,47.38878,11.75814,6.699893394680633,701.97198486328125,172.97198486328125,TRUE,TRUE,TRUE,0.6411221347930208,0.4315537303216974,0.20956840447132336,0,TRUE,7.761028570252806
58,Auf alten Spuren,47.0794,11.6799,TTUX2,Tuxerjoch Schneestation,LWD,47.093149,11.648053,2.8582301173757543,2443.885009765625,63.885009765625,TRUE,FALSE,TRUE,0.3433549709600273,0.7832933926737419,0.43993842171371456,0,FALSE,4.33775790693096
59,Aufnahmeprfung - Tauerntal,47.083,12.5253,MIOH2,Hochgasser Schneestation,LWD,47.1475,12.5175,7.204380315539627,1393.0228271484375,-1456.9771728515625,TRUE,FALSE,TRUE,0.31519507186858314,0.6470588235294118,0.33186375166082865,0,FALSE,11.84241450265102
61,Badlands - Sagwandspitze,47.03044,11.61888,TTUX2,Tuxerjoch Schneestation,LWD,47.093149,11.648053,7.322886221429219,2498.93798828125,118.93798828125,TRUE,FALSE,TRUE,0.5138651146867511,0.7832933926737419,0.26942827798699076,347.7184082031249,FALSE,9.499389658905816
62,Ballerina Rinne,47.5324,12.6498,178,Hochfilzen,GeoSphere,47.47028,12.62111,7.243951493252888,1833.2039794921875,871.3039794921875,TRUE,TRUE,TRUE,0.4497264021887825,0.2873287671232877,0.16239763506549482,0,TRUE,9.909404347179844
63,Bananenecke - Groáglockner,47.070089,12.69519,KADL1,Kals Adlersruhe (Erzherzog-Johann-Hütte),LWD,47.069906,12.701532,0.481282981653716,3228.43603515625,-225.56396484375,TRUE,FALSE,TRUE,0.4344851180294218,0.8347490347490347,0.4002639167196129,0,FALSE,2.24598464392193
64,Bayerisch Schottische Wintergames - Westlicher Geierkopf,47.518127,10.863208,76,Reutte,GeoSphere,47.49444,10.71528,11.432042914526765,1765.9969482421875,924.1969482421875,TRUE,TRUE,TRUE,0.3889839206294903,0.36105407255304584,0.02792984807644444,226.96010253906252,FALSE,14.414165239517814
65,Beilfall Beilf„lle - Fernautal,47.0015136,11.1491723,NSGE2,Eissee,LWD,46.994833,11.119766,2.3531973453337627,2111.4541015625,-508.5458984375,TRUE,FALSE,TRUE,0.3691412931919261,0.35497096002733175,0.01417033316459437,5.332070312500036,TRUE,3.667073090921296
66,Berufsschule - Treffauer,47.55863386,12.28288876,KTRI1,Tristecken Griesneralm Windstation,LWD,47.588411,12.316122,4.149337428927111,1798.27099609375,104.27099609375,TRUE,FALSE,TRUE,0.31006160164271046,0.8933697881066303,0.5833081864639198,346.83368652343756,FALSE,7.227274224646996
67,Bese Hexe - Grawa Eisgarten,47.016,11.1937,NSCH1,Schöckbichl,LWD,47.027353,11.178164,1.728375174116581,1484.6650390625,-1035.3349609375,TRUE,FALSE,TRUE,0.0718931872646354,0.6233321929524461,0.5514390056878107,13.3469531249998,FALSE,5.971029593523763
68,Besinnungsweg,47.0718,11.3267,NELF1,Elferspitze Windstation,LWD,47.0827111111111,11.3134638888889,1.575489595767932,1579.5830078125,-860.4169921875,TRUE,FALSE,TRUE,0.09066028053369826,0.9791595490263068,0.8884992684926085,0,FALSE,6.392029881714508
69,Bichelerstal Eisfall,47.078,11.2775,NELF2,Elferspitze Schneestation,LWD,47.0732500118197,11.2909055472649,1.1456296270878623,1345.6400146484375,-796.3599853515625,TRUE,FALSE,TRUE,0.35320315176430284,0.5386192754613808,0.1854161236970779,0,TRUE,3.692777961558003
70,Bierfahrerbeifahrer - Kuhkopf,47.4413578,11.4543422,ISEE1,Hafelekar,LWD,47.312079,11.383623,15.346911431987424,1318.739990234375,-951.260009765625,TRUE,FALSE,TRUE,0.3142563399588759,0.9117647058823528,0.597508365923477,402.15215820312505,FALSE,20.806195186984414
71,Big Brother is watching you - Freiwandspitze,47.037022,12.686294,KADL1,Kals Adlersruhe (Erzherzog-Johann-Hütte),LWD,47.069906,12.701532,3.838732883635992,2268.3232421875,-1185.6767578125,TRUE,FALSE,TRUE,0.4301369863013699,0.8347490347490347,0.4046120484476649,0,FALSE,8.016760923510237
72,Black Denim - Ochsengarten,47.22065,10.89899,126,Haiming,GeoSphere,47.25972,10.88944,4.408735156420702,1278.5379638671875,619.5379638671875,TRUE,TRUE,TRUE,0.17973296816158849,0.2990078686281218,0.1192749004665333,363.99517089843744,FALSE,7.45138545108202
73,Boandlkramer,47.364,12.2751,176,Hahnenkamm-Ehrenbachhöhe,GeoSphere,47.41831,12.35928,8.76341012064254,1713.094970703125,-80.70502929687495,TRUE,FALSE,TRUE,0.6002051983584131,0.998631074606434,0.3984258762480208,0,FALSE,10.160450322628789
74,Bruad Henn,47.47237279,12.07189322,214,Söll,GeoSphere,47.50306,12.20028,10.244117783343771,755.59100341796875,58.59100341796875,TRUE,TRUE,TRUE,0.4670310898530919,0.4309637730690362,0.03606731678405567,293.55548095703114,FALSE,11.353019166068988
75,CapiTalismuskritik - Burgschrofen Kraspestal,47.191304,11.064919,KZWO1,Zwölferkogel,LWD,47.190165,11.010845,4.0925689091651725,1989.68701171875,-998.31298828125,TRUE,FALSE,TRUE,0.21394395078605605,1,0.7860560492139439,0,FALSE,8.94651952751013
76,Catwalk - Hohe Warte,47.035614,11.612,TTUX2,Tuxerjoch Schneestation,LWD,47.093149,11.648053,6.96382660935678,2088.39990234375,-291.60009765625,TRUE,FALSE,TRUE,0.40307692307692305,0.7832933926737419,0.3802164695968188,379.1871874999997,FALSE,10.03022501228786
77,Clean isch tot,47.5182,10.6226,HHAH1,Hahnenkamm Windstation,LWD,47.4765333333333,10.6409611111111,4.839518412728836,2051.756103515625,167.756103515625,TRUE,FALSE,TRUE,0.9955555555555556,0.973990417522245,0.0215651380333105,130.89131347656257,FALSE,5.52716933952408
78,Daily Dose of Luck - Pinnistal,47.07649,11.347103,NELF1,Elferspitze Windstation,LWD,47.0827111111111,11.3134638888889,2.642428178475924,2148.677978515625,-291.322021484375,TRUE,FALSE,TRUE,0.2982216142270862,0.9791595490263068,0.6809379347992206,0,FALSE,5.413547036584523
79,Das 3. Leben - Groáglockner,47.0717,12.6921,KADL1,Kals Adlersruhe (Erzherzog-Johann-Hütte),LWD,47.069906,12.701532,0.7424870733985979,3347.810791015625,-106.189208984375,TRUE,FALSE,TRUE,0.5844998292932742,0.8347490347490347,0.25024920545576057,0,TRUE,1.758707712226817
80,Das fnfte Element,47.3727,11.3587,ISEE1,Hafelekar,LWD,47.312079,11.383623,7.005275869291436,1176.6590576171875,-1093.3409423828125,TRUE,FALSE,TRUE,0.3618623758986648,0.9117647058823528,0.549902329983688,190.73898437499977,FALSE,11.83129115269953
81,Das letzte Einhorn,47.09244868,10.81863642,SLBU2,Burgbach Mauchele,LWD,47.1000000304375,10.7950000100758,1.978674405402044,1550.6219482421875,-546.3780517578125,TRUE,FALSE,TRUE,0.5128380691543992,0.7000683994528044,0.1872303302984052,0,TRUE,3.906310525691791
82,Der Grawa-Gully (Botanikerkamin),47.0158,11.1943,NSCH1,Schöckbichl,LWD,47.027353,11.178164,1.775809262760621,1487.884033203125,-1032.115966796875,TRUE,FALSE,TRUE,0.0845600821636426,0.6233321929524461,0.5387721107888035,13.3469531249998,FALSE,5.972415512119219
84,Der weiáe Hai - Innergschl”á,47.1276686,12.4607334,MIOH2,Hochgasser Schneestation,LWD,47.1475,12.5175,4.832338684253429,1755.1795654296875,-1094.8204345703125,TRUE,FALSE,TRUE,0.3166723724751797,0.6470588235294118,0.3303864510542321,0,FALSE,8.560549123841907
85,Die Kohlebagger von Ltzerath - Maningkogel,47.19245827,10.96333822,KZWO1,Zwölferkogel,LWD,47.190165,11.010845,3.6028222517077175,2572.64599609375,-415.35400390625,TRUE,FALSE,TRUE,0.6568593910366062,1,0.3431406089633938,0,FALSE,5.6706290883635235
86,Die Linken Zwerge,47.0163,11.199,NSCH1,Schöckbichl,LWD,47.027353,11.178164,2.0035383212558258,1577.510986328125,-942.489013671875,TRUE,FALSE,TRUE,0.4024598565083703,0.6233321929524461,0.22087233644407575,16.134511718749764,TRUE,5.022377864767741
87,Die Uralte,47.45578459,11.98940992,ABRA2,Alpbach Wiedersberger Horn,LWD,47.3683333333333,11.925,10.877227211914818,573.406005859375,-1260.593994140625,TRUE,FALSE,TRUE,0.06372045220966084,0.689596167008898,0.6258757147992372,0,FALSE,15.906339341664092
88,D”rnr”schen - Kraspestal,47.191333,11.066194,KZWO1,Zwölferkogel,LWD,47.190165,11.010845,4.1890730234043705,2001.7860107421875,-986.2139892578124,TRUE,FALSE,TRUE,0.25708432912256746,1,0.7429156708774325,0,FALSE,8.8833550091812
89,Domenicus,47.1147,11.1405,NFRA2,Franz-Senn-Hütte Kl Horntal,LWD,47.0960000187559,11.1623888694066,2.6615857861727017,1847.865966796875,-655.134033203125,TRUE,FALSE,TRUE,0.4219712525667351,0.3318523581681476,0.0901188943985875,254.5780761718752,FALSE,5.268089857063777
90,Dopey - Grawa Eisgarten,47.0158,11.1931,NSCH1,Schöckbichl,LWD,47.027353,11.178164,1.7142813868283846,1487.134033203125,-1032.865966796875,TRUE,FALSE,TRUE,0.07328767123287672,0.6233321929524461,0.5500445217195694,13.3469531249998,FALSE,5.9465798689792795
91,Drachenfels Mixedwand Bergisel,47.246,11.40069,39,Innsbruck Universität,GeoSphere,47.25986,11.38425,1.9807985964514991,691.80401611328125,113.80401611328124,TRUE,TRUE,TRUE,0.5518657993837727,0.6033538672142368,0.05148806783046411,54.15999023437496,TRUE,2.419772840226095
92,Drecksau - Defreggental,46.9177334,12.4287316,SVZI2,St Veit Zischke,LWD,46.937354,12.422188,2.2400897073650885,1318.7972412109375,-796.2027587890625,TRUE,FALSE,TRUE,0.40677386247006503,0.5334018499486125,0.12662798747854748,0,TRUE,4.610480566773387
93,Easy Afternoon - Lsens,47.1152757,11.1409144,NFRA2,Franz-Senn-Hütte Kl Horntal,LWD,47.0960000187559,11.1623888694066,2.6929103783426407,1851.281005859375,-651.718994140625,TRUE,FALSE,TRUE,0.3935153583617747,0.3318523581681476,0.06166300019362714,254.71992187500015,FALSE,5.206076551775085
94,Easy Day,47.1149,11.1405,NFRA2,Franz-Senn-Hütte Kl Horntal,LWD,47.0960000187559,11.1623888694066,2.6790327593319208,1840.1090087890625,-662.8909912109375,TRUE,FALSE,TRUE,0.4136986301369863,0.3318523581681476,0.0818462719688387,254.71992187500015,FALSE,5.280678740765781
95,Eibergfall,47.54338492,12.18181293,142,Kufstein,GeoSphere,47.57528,12.16278,3.827614238660156,762.7050170898436,272.70501708984375,TRUE,TRUE,TRUE,0.5940492476060192,0.4803418803418803,0.11370736726413884,183.2219165039063,FALSE,5.263386549192807
96,Eintagsfliege,47.10936,10.80075,SLBU2,Burgbach Mauchele,LWD,47.1000000304375,10.7950000100758,1.129367995041294,1374.8289794921875,-722.1710205078125,TRUE,FALSE,TRUE,0.4752136752136752,0.7000683994528044,0.2248547242391292,0,TRUE,3.609359719028213
97,Eisarena Brunnalm,46.885,12.3509,185,St.Jakob im Defereggental,GeoSphere,46.91694,12.35389,3.562810260111594,2043.4775390625,660.4775390625,TRUE,TRUE,TRUE,0.4022556390977444,0.2020512820512821,0.2002043570464623,0,TRUE,5.8146171789072305
98,Eisarena Umbaltal - Sektor Flying Dutchman,47.011,12.2867,PESE1,Kreuzspitze,LWD,47.046708,12.358958,6.772160571011585,1744.1317138671875,-1410.8682861328125,TRUE,FALSE,TRUE,0.1467670201847417,0.998972250770812,0.8522052305860703,0,FALSE,12.855946978101828
99,Eisarena Umbaltal - Sektor Rockmaster,47.011,12.2867,PESE1,Kreuzspitze,LWD,47.046708,12.358958,6.772160571011585,1744.1317138671875,-1410.8682861328125,TRUE,FALSE,TRUE,0.1467670201847417,0.998972250770812,0.8522052305860703,0,FALSE,12.855946978101828
100,Eisarena Umbaltal - Sektor Umbaltaler,47.011,12.2867,PESE1,Kreuzspitze,LWD,47.046708,12.358958,6.772160571011585,1744.1317138671875,-1410.8682861328125,TRUE,FALSE,TRUE,0.1467670201847417,0.998972250770812,0.8522052305860703,0,FALSE,12.855946978101828
102,Eiswelt Taschachschlucht Pitztal,46.9576729,10.869486,SLRI2,Rifflsee Talstation Grubenkopf,LWD,46.96259,10.852025,1.4351101885750677,1712.760986328125,-514.239013671875,TRUE,FALSE,TRUE,0.13586584531143053,0.4123887748117728,0.27652292950034224,52.93447265624991,TRUE,3.550276511255782
103,Eremit - Amphitheater Pinnisalm,47.070523,11.327456,GGAL2,Gallreideschrofen,LWD,47.052267,11.335489,2.121582585616176,1669.123046875,-510.876953125,TRUE,FALSE,TRUE,0.30471956224350205,0.664500683994528,0.35978112175102595,311.6614941406251,FALSE,5.404764310244255
104,Ethik-G„rtner - Lsens,47.1139,11.1407,NFRA2,Franz-Senn-Hütte Kl Horntal,LWD,47.0960000187559,11.1623888694066,2.582867522442479,1892.5009765625,-610.4990234375,TRUE,FALSE,TRUE,0.4417808219178082,0.3318523581681476,0.1099284637496606,254.5780761718752,FALSE,5.137212776972712
105,Fear Control - Schwarze Wand,46.9966175,11.3679942,GGAL2,Gallreideschrofen,LWD,47.052267,11.335489,6.6678973075471815,1920.407958984375,-259.592041015625,TRUE,FALSE,TRUE,0.20013684570646595,0.664500683994528,0.4643638382880621,349.3213671875001,FALSE,9.787254393700431
106,Fear of the dark - Zw”lferkogel Nordwand,47.192544,11.002741,KZWO1,Zwölferkogel,LWD,47.190165,11.010845,0.6678026067607366,2358.408935546875,-629.591064453125,TRUE,FALSE,TRUE,0.5178082191780822,1,0.4821917808219178,0,FALSE,3.6883556103593023
107,Fineilspitze Nordwand,46.7832,10.8326,SKRE1,Sölden Kreuzspitze,LWD,46.816395,10.870003,4.666774870767454,3271.60400390625,-181.39599609375,TRUE,FALSE,TRUE,0.7219178082191781,0.999314833847208,0.2773970256280299,0,TRUE,5.952455937885919
108,Firndreieck - Groáer M”seler,46.9979,11.7806,TTUX1,Tuxerjoch Windstation,LWD,47.089717,11.648987,14.287964475909558,3075.68798828125,557.68798828125,TRUE,FALSE,TRUE,0.6542280041081822,0.9948630136986302,0.340635009590448,72.40559570312507,FALSE,16.704089475384027
109,First Base,47.1253,12.0079,61,Mayrhofen,GeoSphere,47.1625,11.85139,12.5528750677803,1350.697998046875,710.697998046875,TRUE,TRUE,TRUE,0.4015748031496063,0.08686730506155951,0.31470749808804677,833.2349414062498,FALSE,18.28668232278663
110,Fluchtkogel Nordwestwand,46.8639,10.7909,KWEL2,Weisssee LWD,LWD,46.8729059674426,10.7143950117534,5.908206448502852,3138.406982421875,658.406982421875,TRUE,FALSE,TRUE,0.4723360655737705,0.350547195622435,0.12178886995133548,0,TRUE,7.919590514411546
111,Friends of moss - Zw”lferkogel Nordwand,47.192898,11.009772,KZWO1,Zwölferkogel,LWD,47.190165,11.010845,0.3148779336349055,2610.287109375,-377.712890625,TRUE,FALSE,TRUE,0.6598150051387461,1,0.34018499486125386,0,FALSE,2.279715144781167
112,Frosnitzfall,47.04673,12.49409,MIOG2,Goldried Kessel,LWD,46.9900139,12.584625,9.331271601244694,1364.8153076171875,-716.1846923828125,TRUE,FALSE,TRUE,0.12931919261033184,0.30421377183967113,0.1748945792293393,0,TRUE,11.646417069889743
113,Frostk”nig - Kraspestal Burgschrofen,47.1912727,11.0653567,KZWO1,Zwölferkogel,LWD,47.190165,11.010845,4.125559990252391,2006.9320068359375,-981.0679931640624,TRUE,FALSE,TRUE,0.2910958904109589,1,0.7089041095890412,0,FALSE,8.70494230192967
114,Gaia - Seebenw„nde,47.3745,10.9419,20,Ehrwald,GeoSphere,47.40417,10.92,3.692278851638709,1406.7459716796875,424.7459716796875,TRUE,TRUE,TRUE,0.2998972954467648,0.3735475051264525,0.07365020967968772,0,TRUE,4.97509440987699
115,Gaisalmfall - Achensee,47.4779,11.7008,151,Achenkirch,GeoSphere,47.49944,11.70667,2.438138991024011,969.11700439453125,38.11700439453125,TRUE,TRUE,TRUE,0.4437991117184831,0.25273597811217513,0.19106313360630792,72.19284423828117,TRUE,3.1066209028292633
116,Gamsleichfall,47.2226,10.9883,KUET1,Kühtai Hochalter,LWD,47.231557,11.030122,3.315096778050568,1868.3929443359375,-809.6070556640625,TRUE,FALSE,TRUE,0.4483584131326949,0.9733242134062928,0.5249658002735977,0,FALSE,6.9140118180315175
117,Ganot Nordwandrinne,46.962523,12.707483,43,Kals,GeoSphere,47.00478,12.6465,6.601223035038002,2502.906005859375,1150.506005859375,TRUE,TRUE,TRUE,0.425,0.2503419972640219,0.1746580027359781,0,TRUE,10.001462057894374
118,Gelber Fluss - Kaunertal,46.9684276,10.7435852,KAUN1,Roter Schrofen,LWD,47.04,10.7181,8.198931826025358,1682.01904296875,-1017.98095703125,TRUE,FALSE,TRUE,0.4057475196715703,0.9996580027359782,0.5939104830644079,0,FALSE,12.525615667796709
119,Gernkopf Eisf„lle,47.59382102,12.47591972,KGRI2,Griesneralm LWD,LWD,47.5808888888889,12.3295,11.087215813409832,701.92401123046875,-323.07598876953125,TRUE,FALSE,TRUE,0.5930869267624914,0.25051334702258726,0.34257357973990415,286.83328125,FALSE,13.749959649553372
120,Gorillas im Nebel - Patsch Sd,46.9235225,12.2490558,185,St.Jakob im Defereggental,GeoSphere,46.91694,12.35389,8.004466822384861,1959.4215087890625,576.4215087890625,TRUE,TRUE,TRUE,0.4745473180731124,0.2020512820512821,0.27249603602183037,146.14088867187525,FALSE,10.52757225711051
121,Grawa Eisfall Stubaital,47.013238,11.189137,NSCH1,Schöckbichl,LWD,47.027353,11.178164,1.7783074125696592,1514.6739501953125,-1005.3260498046876,TRUE,FALSE,TRUE,0.08838643371017471,0.6233321929524461,0.5349457592422714,9.575156249999964,FALSE,5.896459814808193
123,Groáer L”ffler Nordostwand,47.0356,11.9186,61,Mayrhofen,GeoSphere,47.1625,11.85139,15.016523811865609,2859.37890625,2219.37890625,TRUE,TRUE,TRUE,0.47713991062220695,0.08686730506155951,0.39027260556064747,0,FALSE,21.73578889417255
124,Groáglockner Sdostgrat,47.070033,12.697109,KADL1,Kals Adlersruhe (Erzherzog-Johann-Hütte),LWD,47.069906,12.701532,0.3356507506630863,3257.159912109375,-196.840087890625,TRUE,FALSE,TRUE,0.4519329456038317,0.8347490347490347,0.38281608914520304,0,FALSE,1.976199237825258
125,Groávenediger SW - Wand,47.1065,12.3425,PESE1,Kreuzspitze,LWD,47.046708,12.358958,6.7719476766245545,3330.791748046875,175.791748046875,TRUE,FALSE,TRUE,0.528101439342015,0.998972250770812,0.47087081142879694,0,FALSE,8.624039481028133
126,Grnkar Eisfall,47.1045,11.9963,61,Mayrhofen,GeoSphere,47.1625,11.85139,12.73245951285605,1570.6500244140625,930.6500244140624,TRUE,TRUE,TRUE,0.3062970568104038,0.08686730506155951,0.2194297517488443,1109.3344873046872,FALSE,19.834711778356485
127,Gruá in den Himmel - Schwarze Wand Nordostwand,47.104918,12.372436,PESE1,Kreuzspitze,LWD,47.046708,12.358958,6.559974280919898,3186.410888671875,31.410888671875,TRUE,FALSE,TRUE,0.3546730571722013,0.998972250770812,0.6442991935986107,231.282958984375,FALSE,9.17653091933292
128,Gully - Lsens,47.1149029,11.1408768,NFRA2,Franz-Senn-Hütte Kl Horntal,LWD,47.0960000187559,11.1623888694066,2.6617078590141294,1861.8570556640625,-641.1429443359375,TRUE,FALSE,TRUE,0.42451215337213283,0.3318523581681476,0.0926597952039852,254.71992187500015,FALSE,5.24142429296593
129,Gully,47.0719,11.3267,NELF1,Elferspitze Windstation,LWD,47.0827111111111,11.3134638888889,1.5669228877621342,1578.343994140625,-861.656005859375,TRUE,FALSE,TRUE,0.09181226447413496,0.9791595490263068,0.8873472845521718,0,FALSE,6.3831047560670875
130,Habicht Nordostwand,47.04956227,11.28617764,NELF2,Elferspitze Schneestation,LWD,47.0732500118197,11.2909055472649,2.6611695115044656,2706.830078125,564.830078125,TRUE,FALSE,TRUE,0.5075342465753425,0.5386192754613808,0.03108502888603825,24.438095703125327,TRUE,4.16649979347508
131,H„ngende G„rten - Lsens,47.1139,11.1407,NFRA2,Franz-Senn-Hütte Kl Horntal,LWD,47.0960000187559,11.1623888694066,2.582867522442479,1892.5009765625,-610.4990234375,TRUE,FALSE,TRUE,0.4417808219178082,0.3318523581681476,0.1099284637496606,254.5780761718752,FALSE,5.137212776972712
132,Hallensteinfall,47.0527,11.4858,139,Steinach am Brenner,GeoSphere,47.09833,11.46611,5.294307543177994,1128.6600341796875,92.6600341796875,TRUE,TRUE,TRUE,0.02905982905982906,0.08723913787204926,0.0581793088122202,245.62195312500012,FALSE,6.362983367563873
133,Harvest & Phreak,47.1125211,10.80486059,SLBU2,Burgbach Mauchele,LWD,47.1000000304375,10.7950000100758,1.5814483947947868,1234.324951171875,-862.675048828125,TRUE,FALSE,TRUE,0.11605614515576858,0.7000683994528044,0.5840122542970358,0,FALSE,5.490172779756207
134,Hauserrinne,47.53831855,12.6242137,178,Hochfilzen,GeoSphere,47.47028,12.62111,7.577612063193581,1874.4510498046875,912.5510498046876,TRUE,TRUE,TRUE,0.5254700854700854,0.2873287671232877,0.23814131834679775,43.64060546874998,TRUE,10.573413642745694
136,Himmelsleiter,46.9941,11.7775,TTUX1,Tuxerjoch Windstation,LWD,47.089717,11.648987,14.433941095996918,3217.135009765625,699.135009765625,TRUE,FALSE,TRUE,0.7013698630136986,0.9948630136986302,0.29349315068493154,0,TRUE,17.062258072465774
137,Hintere Schw„rze Nordwand,46.7750174,10.91099,SKRE1,Sölden Kreuzspitze,LWD,46.816395,10.870003,5.565369347540476,3309.514892578125,-143.485107421875,TRUE,FALSE,TRUE,0.4717948717948718,0.999314833847208,0.5275199620523362,0,FALSE,7.506642002252171
138,Hinterer Spiegelkogel Nordflanke,46.8321,10.9588,SSON1,Zirmkogel Windstation,LWD,46.8813861111111,10.9887833333333,5.94232148982855,3161.01904296875,-113.29095703124996,TRUE,FALSE,TRUE,0.6891014690809703,0.9993157714676704,0.3102143023867,97.82276367187478,FALSE,7.227482844254274
139,Hochfeiler Nordwand,46.9742,11.7297,TTUX1,Tuxerjoch Windstation,LWD,47.089717,11.648987,14.24307743374576,3179.27587890625,661.27587890625,TRUE,FALSE,TRUE,0.47689393939393937,0.9948630136986302,0.5179690743046907,0,FALSE,17.45017435392546
141,Hohe Kirche Nordverschneidung,47.034775,11.609877,TTUX2,Tuxerjoch Schneestation,LWD,47.093149,11.648053,7.1138053396874605,2205.69189453125,-174.30810546875,TRUE,FALSE,TRUE,0.4010951403148528,0.7832933926737419,0.38219825235888905,361.5088183593748,FALSE,9.822205633873502
142,Hoher First Nordwestflanke,46.8295,11.0706,SFES1,Festkogel,LWD,46.853977,11.051768,3.0790529535674924,2847.410888671875,-187.589111328125,TRUE,FALSE,TRUE,0.31566347469220246,0.9647260273972604,0.6490625527050579,64.92329101562473,FALSE,5.495213390002979
143,Homozack,47.083,12.5253,MIOH2,Hochgasser Schneestation,LWD,47.1475,12.5175,7.204380315539627,1393.0228271484375,-1456.9771728515625,TRUE,FALSE,TRUE,0.31519507186858314,0.6470588235294118,0.33186375166082865,0,FALSE,11.84241450265102
144,Hookuspokus - Kraspestal,47.191333,11.066194,KZWO1,Zwölferkogel,LWD,47.190165,11.010845,4.1890730234043705,2001.7860107421875,-986.2139892578124,TRUE,FALSE,TRUE,0.25708432912256746,1,0.7429156708774325,0,FALSE,8.8833550091812
145,Ice patrol - Stinkerf„lle,47.451874,10.899612,20,Ehrwald,GeoSphere,47.40417,10.92,5.527898893824752,1340.93603515625,358.93603515625,TRUE,TRUE,TRUE,0.3323087431693989,0.3735475051264525,0.04123876195705361,199.84500488281265,FALSE,7.028335287117788
146,Iceman - Pinnistal,47.07,11.3266,GGAL2,Gallreideschrofen,LWD,47.052267,11.335489,2.085945695694687,1695.364013671875,-484.635986328125,TRUE,FALSE,TRUE,0.25256673511293637,0.664500683994528,0.4119339488815916,329.8892578125001,FALSE,5.532894539409774
147,Innenbanane - Groáglockner,47.070089,12.69519,KADL1,Kals Adlersruhe (Erzherzog-Johann-Hütte),LWD,47.069906,12.701532,0.481282981653716,3228.43603515625,-225.56396484375,TRUE,FALSE,TRUE,0.4344851180294218,0.8347490347490347,0.4002639167196129,0,FALSE,2.24598464392193
148,Institutionalized 2023 - Axamer Lizum,47.1824321,11.2931482,AXLIZ1,Speicherteich Axamer Lizum,LWD,47.1801049847685,11.2880109778398,0.4671075909763418,1959.5179443359375,-143.4820556640625,TRUE,FALSE,TRUE,0.24486301369863017,0.2163181350702777,0.02854487862835245,0,TRUE,0.9114473660215556
150,King Kong,47.1189,10.4713,SDAW2,Dawinalpe,LWD,47.1503195001747,10.462350017993,3.5626664380734763,1151.6500244140625,-758.3499755859375,TRUE,FALSE,TRUE,0.4485470085470086,0.4202600958247775,0.02828691272223105,0,TRUE,5.543402115205013
151,Kitzm”rderfall,47.09875929,10.8103323,SLBU2,Burgbach Mauchele,LWD,47.1000000304375,10.7950000100758,1.170036940168529,1565.947998046875,-531.052001953125,TRUE,FALSE,TRUE,0.4652516261554262,0.7000683994528044,0.2348167732973782,0,TRUE,3.2021172649434764
152,Klettergarten Gully - Oberried,47.07652,10.94865,136,Umhausen,GeoSphere,47.13917,10.92889,7.133051816714399,1213.4420166015625,178.4420166015625,TRUE,TRUE,TRUE,0.4700650017105713,0.26351813826146475,0.20654686344910655,92.48027343750005,TRUE,8.248718542315626
153,Salto Kamin- Laserz Nordwand,46.776166,12.81022,55,Lienz,GeoSphere,46.82555,12.80639,5.505143489978643,1820.7845458984375,1159.7845458984375,TRUE,TRUE,TRUE,0.3348168435467306,0.32945205479452055,0.00536478875221002,0,TRUE,8.420699220981366
154,Kraftwerksfall,47.10711385,11.13799095,NFRA2,Franz-Senn-Hütte Kl Horntal,LWD,47.0960000187559,11.1623888694066,2.224531435237239,1948.81005859375,-554.18994140625,TRUE,FALSE,TRUE,0.3609305508039685,0.3318523581681476,0.0290781926358209,266.55859375,FALSE,4.443475241660327
155,Kronleuchter,47.1189,10.4713,SDAW2,Dawinalpe,LWD,47.1503195001747,10.462350017993,3.5626664380734763,1151.6500244140625,-758.3499755859375,TRUE,FALSE,TRUE,0.4485470085470086,0.4202600958247775,0.02828691272223105,0,TRUE,5.543402115205013
156,Khtaibacherl - Eisfall,47.2213,10.9276,126,Haiming,GeoSphere,47.25972,10.88944,5.1584352047948014,1530.155029296875,871.155029296875,TRUE,TRUE,TRUE,0.27291381668946646,0.2990078686281218,0.02609405193865532,278.51567871093744,FALSE,8.208667648696704
157,L„mperJack - Laserz Nordwand L„mperschoá,46.776166,12.81022,55,Lienz,GeoSphere,46.82555,12.80639,5.505143489978643,1820.7845458984375,1159.7845458984375,TRUE,TRUE,TRUE,0.3348168435467306,0.32945205479452055,0.00536478875221002,0,TRUE,8.420699220981366
158,Last Exit 4146 - Muttenkopf,47.01886327,11.36547232,GGAL2,Gallreideschrofen,LWD,47.052267,11.335489,4.359116460234411,2245.41796875,65.41796875,TRUE,FALSE,TRUE,0.21211084502223743,0.664500683994528,0.45238983897229057,263.2546093750002,FALSE,6.612849336526284
159,Lasur d`amour - Pinnistal,47.0705,11.3271,GGAL2,Gallreideschrofen,LWD,47.052267,11.335489,2.127047709567273,1644.2769775390625,-535.7230224609375,TRUE,FALSE,TRUE,0.2189531303455354,0.664500683994528,0.44554755364899257,311.6614941406251,FALSE,5.729643903229095
160,Lavantner Kolmfall,46.778059,12.847744,55,Lienz,GeoSphere,46.82555,12.80639,6.154595878540814,1520.33203125,859.33203125,TRUE,TRUE,TRUE,0.49111414900888584,0.32945205479452055,0.16166209421436528,103.38206054687498,TRUE,8.881440481496409
161,Lawinenexpress - Pitztal,47.023063,10.861877,210,St.Leonhard im Pitztal,GeoSphere,47.02722,10.86556,0.5406031456491514,1589.010986328125,134.6109863281249,TRUE,TRUE,TRUE,0.49161820047896,0.05477576172543649,0.43684243875352347,0,FALSE,2.187657927730034
162,Limited in Freedom - Sagwand,47.029066,11.627809,TTUX2,Tuxerjoch Schneestation,LWD,47.093149,11.648053,7.296999667913121,2444.173095703125,64.173095703125,TRUE,FALSE,TRUE,0.3565811965811966,0.7832933926737419,0.4267121960925453,508.3788964843752,FALSE,10.45108458138607
163,Linker K”pflalmfall,47.1368,11.9943,61,Mayrhofen,GeoSphere,47.1625,11.85139,11.19111943184896,1191.259033203125,551.259033203125,TRUE,TRUE,TRUE,0.20677850051352276,0.08686730506155951,0.11991119545196324,727.6794873046877,FALSE,15.519718550431412
164,Linker Kraftwerksfall,47.1078733,11.13876343,NFRA2,Franz-Senn-Hütte Kl Horntal,LWD,47.0960000187559,11.1623888694066,2.2252688591361287,2031.8380126953125,-471.1619873046875,TRUE,FALSE,TRUE,0.4450906602805337,0.3318523581681476,0.11323830211238606,277.5134765624998,FALSE,4.532942639985005
165,Linker Westwandfall - Kleiner Magner,47.11124,12.03935,47,Krimml,GeoSphere,47.22911,12.18197,16.989943260707978,1790.926025390625,782.126025390625,TRUE,TRUE,TRUE,0.47213675213675216,,,,FALSE,20.72525832418454
166,Linker Zwingenfall,47.1045,11.1364,NFRA2,Franz-Senn-Hütte Kl Horntal,LWD,47.0960000187559,11.1623888694066,2.184881693483733,2020.093994140625,-482.906005859375,TRUE,FALSE,TRUE,0.30482381115292506,0.3318523581681476,0.02702854701522256,233.42613281249987,FALSE,4.086936880427838
167,Little Joys For Bigger Happiness,47.04916,11.65013,TTUX1,Tuxerjoch Windstation,LWD,47.089717,11.648987,4.515616283333284,3048.251953125,530.251953125,TRUE,FALSE,TRUE,0.5182905982905983,0.9948630136986302,0.47657241540803186,57.615146484375146,FALSE,7.270963412369879
168,Lost in Pollywood - Ralfkopf,46.961264,12.711184,43,Kals,GeoSphere,47.00478,12.6465,6.899076291441368,2510.763916015625,1158.363916015625,TRUE,TRUE,TRUE,0.2777017783857729,0.2503419972640219,0.02735978112175102,0,TRUE,9.877065424845684
169,Lsener Fernerkogel Nordwand,47.1002,11.1135,NFRA1,Franz-Senn-Hütte Horntaler Spitzl,LWD,47.099611,11.15541667,3.177022739255781,2785.69091796875,-60.30908203125,TRUE,FALSE,TRUE,0.5432774546698598,0.9026306798770072,0.3593532252071474,186.53096679687545,FALSE,4.8319789871428505
170,Luibisbodenfall - Eisprinzessinen Pitztal,47.048409,10.864032,210,St.Leonhard im Pitztal,GeoSphere,47.02722,10.86556,2.361595555898962,1440.008056640625,-14.391943359375093,TRUE,TRUE,TRUE,0.2972972972972973,0.05477576172543649,0.2425215355718608,19.623642578124873,TRUE,3.125140021012982
171,Mac Mapi - Krinnenspitze,47.47563613,10.58586359,TODO2,Krinnenspitze,LWD,47.4742722,10.5845722,0.18026200856257069,1802.053955078125,-187.946044921875,TRUE,FALSE,TRUE,0.6627867168777816,0.998972602739726,0.3361858858619444,0,FALSE,1.6586847784530914
172,M„nner im Rcken,47.0718,11.3267,NELF1,Elferspitze Windstation,LWD,47.0827111111111,11.3134638888889,1.575489595767932,1579.5830078125,-860.4169921875,TRUE,FALSE,TRUE,0.09066028053369826,0.9791595490263068,0.8884992684926085,0,FALSE,6.392029881714508
173,M„nner mit Moral - Pinnisalm,47.07412,11.33196,NELF1,Elferspitze Windstation,LWD,47.0827111111111,11.3134638888889,1.6972523535310269,1656.4429931640625,-783.5570068359375,TRUE,FALSE,TRUE,0.4411764705882353,0.9791595490263068,0.5379830784380715,2.8368749999999636,FALSE,5.270094105935085
174,Marchlehnfall,46.97691444,10.87543488,SLRI2,Rifflsee Talstation Grubenkopf,LWD,46.96259,10.852025,2.3885110478340006,1852.85302734375,-374.14697265625,TRUE,FALSE,TRUE,0.51421719767043506,0.4123887748117728,0.10182842285866228,104.21367187499982,TRUE,3.7262184355506114
175,Mariafall - Achensee,47.4558,11.698,151,Achenkirch,GeoSphere,47.49944,11.70667,4.901582614620274,1040.2750244140625,109.2750244140625,TRUE,TRUE,TRUE,0.4488539172083476,0.25273597811217513,0.19611793909617248,172.96611328125005,FALSE,6.134988446068948
176,Mc Drive Eisfall,47.3781,11.8305,42,Jenbach,GeoSphere,47.38878,11.75814,5.5820789166383635,719.75799560546875,190.75799560546875,TRUE,TRUE,TRUE,0.5001710571330824,0.4315537303216974,0.06861732681138494,560.09904296875,FALSE,8.185222057961191
177,Mitterndorfer Eisfall Kufstein,47.5765,12.1801,142,Kufstein,GeoSphere,47.57528,12.16278,1.307761116376163,603.8480224609375,113.8480224609375,TRUE,TRUE,TRUE,0.3563847997261212,0.4803418803418803,0.12395708061575916,16.388041992187482,TRUE,1.9642524143757845
178,Moonwalk - Hohe Warte,47.0362,11.616,TTUX2,Tuxerjoch Schneestation,LWD,47.093149,11.648053,6.789480888929344,1967.3070068359375,-412.6929931640625,TRUE,FALSE,TRUE,0.30167406901264093,0.7832933926737419,0.48161932366110094,411.03449218749984,FALSE,10.590209311572805
179,Multiple joys,47.09244868,10.81863642,SLBU2,Burgbach Mauchele,LWD,47.1000000304375,10.7950000100758,1.978674405402044,1550.6219482421875,-546.3780517578125,TRUE,FALSE,TRUE,0.5128380691543992,0.7000683994528044,0.1872303302984052,0,TRUE,3.906310525691791
180,Mutmalspitze Nordwand,46.7921,10.9162,SKRE1,Sölden Kreuzspitze,LWD,46.816395,10.870003,4.4390771609080835,3175.56689453125,-277.43310546875,TRUE,FALSE,TRUE,0.8839041095890411,0.999314833847208,0.1154107242581669,0,TRUE,5.47889209735446
181,Nameless - Neurur,47.0260029,10.8609432,210,St.Leonhard im Pitztal,GeoSphere,47.02722,10.86556,0.37561799293480674,1639.0260009765625,184.6260009765624,TRUE,TRUE,TRUE,0.5003415300546448,0.05477576172543649,0.44556576832920824,0.1715527343751546,FALSE,2.1738803003638374
182,Irzweg - Irzw„nde,47.2322424,11.0146259,KUET1,Kühtai Hochalter,LWD,47.231557,11.030122,1.173825899051479,2533.406005859375,-144.593994140625,TRUE,FALSE,TRUE,0.6429548563611491,0.9733242134062928,0.3303693570451436,50.45682617187504,FALSE,2.526418955538472
183,Notwegfall,46.93893885,10.8984375,184,Pitztaler Gletscher,GeoSphere,46.92706,10.87914,1.9749402976530217,2163.306884765625,-700.5931152343751,TRUE,TRUE,TRUE,0.31555555555555553,0.3832191780821918,0.06766362252663627,188.11350585937544,FALSE,4.36186797675637
184,Oberer Grawa Eisfall Stubaital,47.010992,11.186804,NSCH1,Schöckbichl,LWD,47.027353,11.178164,1.9357385766219193,1622.0469970703125,-897.9530029296875,TRUE,FALSE,TRUE,0.27173169062286107,0.6233321929524461,0.35160050232958506,6.817949218750073,FALSE,5.235422590934893
185,Obstanser Wasserfall - Obstanser Eisfall,46.6981105,12.4920904,130,Sillian,GeoSphere,46.74644,12.42358,7.501953671016306,1614.5460205078125,533.1460205078124,TRUE,TRUE,TRUE,0.16712328767123288,0.24922971585073608,0.08210642817950317,383.55841796875006,FALSE,10.295371678699349
186,Eispark Osttirol,47.1262,12.4787,MIOH2,Hochgasser Schneestation,LWD,47.1475,12.5175,3.775547058787605,1542.607177734375,-1307.392822265625,TRUE,FALSE,TRUE,0.1484775915155662,0.6470588235294118,0.4985812320138456,0,FALSE,8.539772810493204
187,Ostwand Couloir - Lsener Fernerkogel,47.10121,11.12906,NFRA2,Franz-Senn-Hütte Kl Horntal,LWD,47.0960000187559,11.1623888694066,2.5913796574898895,2256.964111328125,-246.035888671875,TRUE,FALSE,TRUE,0.3683669976035604,0.3318523581681476,0.03651463943541278,302.4898632812501,FALSE,4.205972750600816
188,Paracelsus,47.1149,11.1405,NFRA2,Franz-Senn-Hütte Kl Horntal,LWD,47.0960000187559,11.1623888694066,2.6790327593319208,1840.1090087890625,-662.8909912109375,TRUE,FALSE,TRUE,0.4136986301369863,0.3318523581681476,0.0818462719688387,254.71992187500015,FALSE,5.280678740765781
189,Pechtl Arena & Zapfen,47.61082877,12.46471882,KGRI2,Griesneralm LWD,LWD,47.5808888888889,12.3295,10.683890859955389,687.8070068359375,-337.1929931640625,TRUE,FALSE,TRUE,0.4928131416837782,0.25051334702258726,0.24229979466119095,397.2032617187501,FALSE,13.522585773724115
190,Pechtl Gully - Erpfendorf,47.61173312,12.46364594,KGRI2,Griesneralm LWD,LWD,47.5808888888889,12.3295,10.63937827539101,666.3900146484375,-358.6099853515625,TRUE,FALSE,TRUE,0.4252559726962457,0.25051334702258726,0.17474262567365845,404.045400390625,FALSE,13.356312717353392
191,Pendling Eisfall,47.5695,12.1116,142,Kufstein,GeoSphere,47.57528,12.16278,3.897232436244526,1272.177978515625,782.177978515625,TRUE,TRUE,TRUE,0.6195205479452055,0.4803418803418803,0.13917866760332517,0,TRUE,6.270213385343564
192,Petit Hiking - Groáglockner,47.07086216,12.69000763,KADL1,Kals Adlersruhe (Erzherzog-Johann-Hütte),LWD,47.069906,12.701532,0.8802327046143619,3232.12646484375,-221.87353515625,TRUE,FALSE,TRUE,0.47451248717071504,0.8347490347490347,0.3602365475783197,0,FALSE,2.515626185239946
193,Pick`n Weed - Maningkogl Nordwand,47.1929,10.9606,KZWO1,Zwölferkogel,LWD,47.190165,11.010845,3.813064363498801,2584.260009765625,-403.739990234375,TRUE,FALSE,TRUE,0.6339041095890411,1,0.3660958904109589,0,FALSE,5.920702010317616
194,Pinzgeralm Eisfall,47.6431,12.4469,KGRI2,Griesneralm LWD,LWD,47.5808888888889,12.3295,11.206363111024102,635.6619873046875,-389.3380126953125,TRUE,FALSE,TRUE,0.2754962354551677,0.25051334702258726,0.02498288843258045,475.2057617187502,FALSE,13.835479854935125
195,Pitztaler Eisexpress,46.8867,10.8472,184,Pitztaler Gletscher,GeoSphere,46.92706,10.87914,5.107471157193892,3444.77294921875,580.8729492187499,TRUE,TRUE,TRUE,0.8581681476418318,0.3832191780821918,0.47494896955964,0,FALSE,7.984500438919687
196,Gallyer - Pitztaler Eisrinne,46.98364866,10.8772587,SLRI2,Rifflsee Talstation Grubenkopf,LWD,46.96259,10.852025,3.028067372971493,1928.0970458984375,-298.9029541015625,TRUE,FALSE,TRUE,0.4357656731757451,0.4123887748117728,0.02337689836397233,101.89347656249991,TRUE,3.933029359567316
197,"Plan B, Zw”lferkogel Nordwand",47.1925,11.008,KZWO1,Zwölferkogel,LWD,47.190165,11.010845,0.33746472828790364,2582.39599609375,-405.60400390625,TRUE,FALSE,TRUE,0.6401644962302947,1,0.3598355037697053,0,FALSE,2.4309812493626444
198,Plattkogel Eisfall,47.17873858,10.99179983,KZWO1,Zwölferkogel,LWD,47.190165,11.010845,1.9220165430318783,2342.56298828125,-645.43701171875,TRUE,FALSE,TRUE,0.254526819268876,1,0.745473180731124,0,FALSE,5.772028614522126
199,Point 2598 Diagonale,47.186796,11.034211,KZWO1,Zwölferkogel,LWD,47.190165,11.010845,1.8070189583897984,2396.8349609375,-591.1650390625,TRUE,FALSE,TRUE,0.2979815258296271,1,0.7020184741703729,0,FALSE,5.390986978557168
200,Rabenwand Eisfall,47.0555,11.7575,TTUX2,Tuxerjoch Schneestation,LWD,47.093149,11.648053,9.29599384362576,1514.2960205078125,-865.7039794921875,TRUE,FALSE,TRUE,0.5390410958904109,0.7832933926737419,0.24425229678333096,522.9835351562497,FALSE,13.964944823331225
201,Ramolkogel Nordwand,46.84855838,10.96316457,SSON1,Zirmkogel Windstation,LWD,46.8813861111111,10.9887833333333,4.14203102399764,3229.68896484375,-44.621035156249945,TRUE,FALSE,TRUE,0.4681942544459644,0.9993157714676704,0.5311215170217058,106.94374999999992,FALSE,5.954723162953381
202,Rechte Nordwestwand - Schrammacher,47.04014,11.57676,16,Brenner,GeoSphere,47.00722,11.51083,6.201713560382243,1343.5279541015625,-68.4720458984375,TRUE,TRUE,TRUE,0.2429108302015716,0.25939979303208005,0.01648896283050846,964.0542089843752,FALSE,9.958577399557363
203,Rechter Flittneralm Eisfall,47.0456,11.5917,TTUX2,Tuxerjoch Schneestation,LWD,47.093149,11.648053,6.802468378391894,1486.885009765625,-893.114990234375,TRUE,FALSE,TRUE,0.13558743169398907,0.7832933926737419,0.6477059609797529,123.29206054687484,FALSE,11.15154197910459
204,Rechter und linker Rauchenbichlfall,47.10936,10.80075,SLBU2,Burgbach Mauchele,LWD,47.1000000304375,10.7950000100758,1.129367995041294,1374.8289794921875,-722.1710205078125,TRUE,FALSE,TRUE,0.4752136752136752,0.7000683994528044,0.2248547242391292,0,TRUE,3.609359719028213
205,Rechter Westwandfall - Kleiner Magner,47.1102,12.03933,47,Krimml,GeoSphere,47.22911,12.18197,17.08053502090312,1849.77099609375,840.97099609375,TRUE,TRUE,TRUE,0.49263950701814446,,,,FALSE,20.962962511137498
206,Reislehn Eisfall,46.98357591,10.87882519,SLRI2,Rifflsee Talstation Grubenkopf,LWD,46.96259,10.852025,3.0986411783334833,2059.760009765625,-167.239990234375,TRUE,FALSE,TRUE,0.4401504787961696,0.4123887748117728,0.02776170398439686,101.89347656249991,TRUE,3.687600172122611
207,Rocket Rustical - Teischnitztal,47.055932,12.6796681,KADL1,Kals Adlersruhe (Erzherzog-Johann-Hütte),LWD,47.069906,12.701532,2.2734570514756944,2788.817626953125,-665.182373046875,TRUE,FALSE,TRUE,0.5958904109589042,0.8347490347490347,0.23885862379013056,0,TRUE,4.652988855463273
208,R”tenspitze Nordwand,46.7769,10.945,SKRE1,Sölden Kreuzspitze,LWD,46.816395,10.870003,7.210782737095799,3179.18310546875,-273.81689453125,TRUE,FALSE,TRUE,0.7787277701778386,0.999314833847208,0.22058706366936945,0,TRUE,8.557086164432032
209,Rofelewand Nordwand - Nordwandballett,47.034852,10.823735,SLSE1,Seirlöcher Kogel,LWD,47.0339,10.8528,2.207731265262865,2823.945068359375,413.945068359375,TRUE,FALSE,TRUE,0.598223436966177,0.6882051282051282,0.08998169123895128,42.680693359375255,TRUE,3.5125390098781564
210,Rolle Eisfall - Zillertal,47.1118,11.8057,61,Mayrhofen,GeoSphere,47.1625,11.85139,6.619984633749621,995.8599853515624,355.8599853515625,TRUE,TRUE,TRUE,0.2418636519355944,0.08686730506155951,0.15499634687403488,351.7214721679686,FALSE,9.061509526422508
212,Rumpelstilzchen - Burgschrofen Kraspestal,47.19127272,11.06475592,KZWO1,Zwölferkogel,LWD,47.190165,11.010845,4.080132611043602,1998.81298828125,-989.18701171875,TRUE,FALSE,TRUE,0.2747516272696129,1,0.7252483727303871,0,FALSE,8.728845258531639
213,Russisches Roulette - Kristallwand Nordostwand,47.09641,12.3989,PESE1,Kreuzspitze,LWD,47.046708,12.358958,6.30734635303615,2773.56201171875,-381.43798828125,TRUE,FALSE,TRUE,0.3297945205479452,0.998972250770812,0.6691777302228668,94.46809570312509,FALSE,9.326346897220375
214,S„gebach Eisf„lle,46.72005884,12.42527125,130,Sillian,GeoSphere,46.74644,12.42358,2.9395708840794064,1677.851806640625,596.4518066406249,TRUE,TRUE,TRUE,0.25102739726027395,0.24922971585073608,0.00179768140953789,0,TRUE,4.436093444909583
215,Sagf„lle,47.2537,11.6168,127,Rinn,GeoSphere,47.24917,11.50389,8.546561509994804,1062.238037109375,138.13803710937498,TRUE,TRUE,TRUE,0.17334703665638918,0.4369431117203564,0.2635960750639672,754.2728076171875,FALSE,12.379786058428891
216,Sagwandspitze - Mittelpfeiler-Couloir,47.0309208,11.6265771,TTUX2,Tuxerjoch Schneestation,LWD,47.093149,11.648053,7.116068711003799,2330.6640625,-49.3359375,TRUE,FALSE,TRUE,0.2840520191649555,0.7832933926737419,0.4992413735087864,551.2513671874999,FALSE,10.622138144030158
217,Sagzahnverschneidung - Sagwand,47.027997,11.631448,TTUX2,Tuxerjoch Schneestation,LWD,47.093149,11.648053,7.361188887289813,2549.172119140625,169.172119140625,TRUE,FALSE,TRUE,0.34657534246575344,0.7832933926737419,0.4367180502079884,470.910419921875,FALSE,10.65791501545284
218,Schall und Rauch - Kraspestal,47.19127272,11.06475592,KZWO1,Zwölferkogel,LWD,47.190165,11.010845,4.080132611043602,1998.81298828125,-989.18701171875,TRUE,FALSE,TRUE,0.2747516272696129,1,0.7252483727303871,0,FALSE,8.728845258531639
219,Schattseitfall,47.1246,11.9991,61,Mayrhofen,GeoSphere,47.1625,11.85139,11.953258942006018,1433.427978515625,793.427978515625,TRUE,TRUE,TRUE,0.46356483065343823,0.08686730506155951,0.37669752559187875,857.3410107421876,FALSE,18.176285508039467
220,Scheisskluppenfall,47.1976,11.1273,SSLA2,Lampsenspitze Schneestation,LWD,47.153491,11.120722,4.935356263686897,1595.9849853515625,-515.0150146484375,TRUE,FALSE,TRUE,0.5102599179206566,0.5202193283070596,0.00995941038640302,305.8363769531252,FALSE,7.1561175392797
221,Schildalm Eisfall,47.10192186,12.50621796,MIOH2,Hochgasser Schneestation,LWD,47.1475,12.5175,5.145192713660797,1504.542724609375,-1345.457275390625,TRUE,FALSE,TRUE,0.15976736229900787,0.6470588235294118,0.4872914612304039,0,FALSE,9.970710285828572
222,Schitter Eisfall - Neustift Stubaital,47.10213389,11.30815029,NELF2,Elferspitze Schneestation,LWD,47.0732500118197,11.2909055472649,3.4708532929231315,1188.343017578125,-953.656982421875,TRUE,FALSE,TRUE,0.4358974358974359,0.5386192754613808,0.10272183956394489,33.240937499999745,TRUE,6.163161267669654
223,Schleicherlaufen,47.11507,11.14059,NFRA2,Franz-Senn-Hütte Kl Horntal,LWD,47.0960000187559,11.1623888694066,2.6897256015227664,1850.116943359375,-652.883056640625,TRUE,FALSE,TRUE,0.4498802600068423,0.3318523581681476,0.11802790183869466,254.71992187500015,FALSE,5.374896636140414
224,Schneelehnfall,46.95400485,10.88491917,SLRI2,Rifflsee Talstation Grubenkopf,LWD,46.96259,10.852025,2.67575679236133,1886.280029296875,-340.719970703125,TRUE,FALSE,TRUE,0.3382403286545704,0.4123887748117728,0.0741484461572024,59.00551757812491,TRUE,3.75000205759075
225,Schneewittchen,47.0162756,11.19532585,NSCH1,Schöckbichl,LWD,47.027353,11.178164,1.7935529530299783,1491.0350341796875,-1028.9649658203125,TRUE,FALSE,TRUE,0.12581196581196585,0.6233321929524461,0.4975202271404803,13.3469531249998,FALSE,5.858526049002201
227,Schrammacher Diagonale,47.02895,11.63195,TTUX2,Tuxerjoch Schneestation,LWD,47.093149,11.648053,7.250177066921137,2476.64794921875,96.64794921875,TRUE,FALSE,TRUE,0.30708661417322836,0.7832933926737419,0.4762067785005135,536.1614746093751,FALSE,10.745063173907052
228,Schrammacher Nordwand Direttissima,47.03742457,11.64965208,TTUX1,Tuxerjoch Windstation,LWD,47.089717,11.648987,5.82138514095213,2958.152099609375,440.152099609375,TRUE,FALSE,TRUE,0.7983595352016405,0.9948630136986302,0.19650347849698968,397.9374707031252,FALSE,8.783025708279038
229,Schrankogel Nordost-Flanke,47.045,11.1021,NNOW1,Nockwand Wind,LWD,47.0368417,11.1746533,5.578428101433392,3267.388916015625,175.388916015625,TRUE,FALSE,TRUE,0.8401232454638823,0.9996577686516084,0.1595345231877262,125.17241210937529,FALSE,6.676193609473134
230,Schwarze Wand Nordostwand Eisschlucht,47.1057457,12.3712635,PESE1,Kreuzspitze,LWD,47.046708,12.358958,6.637928368780994,3184.843994140625,29.843994140625,TRUE,FALSE,TRUE,0.3782117163412128,0.998972250770812,0.6207605344295992,268.3406542968746,FALSE,9.328182574608851
231,Schwarze Witwe,47.04742,11.61647,TTUX2,Tuxerjoch Schneestation,LWD,47.093149,11.648053,5.625626256123375,2025.5830078125,-354.4169921875,TRUE,FALSE,TRUE,0.4218268901813206,0.7832933926737419,0.3614665024924213,356.4575,FALSE,8.701898244069389
232,Schwerer als ein lockerer Arch - Beilfall Groáen Tr”gler,47.0006227,11.1519643,NSGE2,Eissee,LWD,46.994833,11.119766,2.5281231313086727,2212.35205078125,-407.64794921875,TRUE,FALSE,TRUE,0.4743326488706366,0.35497096002733175,0.11936168884330478,5.332070312500036,TRUE,3.9053280708854623
233,Seebenseefall,47.3747,10.9414,20,Ehrwald,GeoSphere,47.40417,10.92,3.655594578734468,1409.14599609375,427.14599609375,TRUE,TRUE,TRUE,0.3041695146958305,0.3735475051264525,0.06937799043062204,0,TRUE,4.931593540260709
234,Seirl”cherkogel Eisfall - Pitztal,47.0319389,10.8629323,210,St.Leonhard im Pitztal,GeoSphere,47.02722,10.86556,0.561871690089001,1497.635986328125,43.23598632812491,TRUE,TRUE,TRUE,0.3259233926128591,0.05477576172543649,0.27114763088742255,28.5054785156251,TRUE,1.4834045485715808
235,Seirl”cherkogelfall,47.03880402,10.85972786,210,St.Leonhard im Pitztal,GeoSphere,47.02722,10.86556,1.3633368302450115,1626.47900390625,172.0790039062499,TRUE,TRUE,TRUE,0.525325119780972,0.05477576172543649,0.47054935805553544,0,FALSE,3.2051824141772425
236,Serfauserfeld Eisfall,47.047,10.6316,138,Prutz,GeoSphere,47.06861,10.66472,3.477903488801772,1010.0640258789064,139.06402587890625,TRUE,TRUE,TRUE,0.3756414642490592,0.21655833048238113,0.15908313376667807,92.7042382812499,TRUE,4.353629907924072
237,Shameless - Neurur,47.0260029,10.8609432,210,St.Leonhard im Pitztal,GeoSphere,47.02722,10.86556,0.37561799293480674,1639.0260009765625,184.6260009765624,TRUE,TRUE,TRUE,0.5003415300546448,0.05477576172543649,0.44556576832920824,0.1715527343751546,FALSE,2.1738803003638374
238,Similaun Nordwand,46.7667241,10.88241935,SKRE1,Sölden Kreuzspitze,LWD,46.816395,10.870003,5.609733375748264,3241.0439453125,-211.9560546875,TRUE,FALSE,TRUE,0.3356164383561644,0.999314833847208,0.6636983954910436,0,FALSE,8.130718698940145
239,Sintflut - Niederer Prijakt Nordwand,46.91594,12.70626,MIOG1,Bunköpfl,LWD,46.983181,12.584813,11.88283058506229,2575.431396484375,156.431396484375,TRUE,FALSE,TRUE,0.43555555555555553,0.9170664838930774,0.4815109283375219,332.30418945312476,FALSE,14.727658619098293
240,Sonnenk”nig - Patsch Sd,46.92355,12.250045,185,St.Jakob im Defereggental,GeoSphere,46.91694,12.35389,7.929855270207167,2017.5369873046875,634.5369873046875,TRUE,TRUE,TRUE,0.48922340061580566,0.2020512820512821,0.2871721185645236,115.68695800781256,TRUE,10.520461926193708
241,Spannagel Gully,47.07597,11.6631759,TTUX1,Tuxerjoch Windstation,LWD,47.089717,11.648987,1.8704663812985372,2616.550048828125,98.550048828125,TRUE,FALSE,TRUE,0.531667237247518,0.9948630136986302,0.4631957764511122,0,FALSE,3.5064288327221864
242,Spinnenbein,47.010683,10.69719672,KAUN1,Roter Schrofen,LWD,47.04,10.7181,3.628618074646216,2090.383056640625,-609.616943359375,TRUE,FALSE,TRUE,0.25025641025641027,0.9996580027359782,0.7494015924795678,7.3122851562498,FALSE,7.4008652104833565
243,Stalingrad - Grubenkarspitze,47.382133,11.529989,ISEE1,Hafelekar,LWD,47.312079,11.383623,13.51624520858872,1646.708984375,-623.291015625,TRUE,FALSE,TRUE,0.3622693096377307,0.9117647058823528,0.5494953962446223,377.6143261718749,FALSE,17.913416241072586
244,Stalingrad - Haidachstellwand NO-Wand,47.44474248,11.78511143,EERF2,Erfurter Hütte,LWD,47.441861,11.762127,1.759919512158311,1823.5040283203125,-0.4959716796875,TRUE,FALSE,TRUE,0.35374615121450564,0.7067488866050017,0.35300273539049604,365.3359472656248,FALSE,3.9615114365915174
245,Steinwandfall,47.08329,12.52526,MIOH2,Hochgasser Schneestation,LWD,47.1475,12.5175,7.1719577730205115,1396.2705078125,-1453.7294921875,TRUE,FALSE,TRUE,0.30687649674991446,0.6470588235294118,0.34018232677949733,0,FALSE,11.826828483827754
246,Stirb langsam - Seebenw„nde,47.3745,10.9419,20,Ehrwald,GeoSphere,47.40417,10.92,3.692278851638709,1406.7459716796875,424.7459716796875,TRUE,TRUE,TRUE,0.2998972954467648,0.3735475051264525,0.07365020967968772,0,TRUE,4.97509440987699
247,Strublb„da - Kraspestal,47.191333,11.066194,KZWO1,Zwölferkogel,LWD,47.190165,11.010845,4.1890730234043705,2001.7860107421875,-986.2139892578124,TRUE,FALSE,TRUE,0.25708432912256746,1,0.7429156708774325,0,FALSE,8.8833550091812
248,Bachfalle,47.0236,10.8712,210,St.Leonhard im Pitztal,GeoSphere,47.02722,10.86556,0.5878434894625705,1648.3270263671875,193.9270263671874,TRUE,TRUE,TRUE,0.4967432293452177,0.05477576172543649,0.4419674676197812,0,FALSE,2.3985634582398827
250,Sulzenauer Eisfall,46.99876105,11.18416786,NSCH1,Schöckbichl,LWD,47.027353,11.178164,3.215297998943505,1903.593994140625,-616.406005859375,TRUE,FALSE,TRUE,0.18287671232876712,0.6233321929524461,0.440455480623679,0,FALSE,6.077679455462979
251,Sunblocker 2,47.0453,11.5904,16,Brenner,GeoSphere,47.00722,11.51083,7.377430742511595,1474.3360595703125,62.3360595703125,TRUE,TRUE,TRUE,0.15078821110349555,0.25939979303208005,0.1086115819285845,923.4396240234372,FALSE,11.23286413331688
252,Sunblocker,47.0453,11.5895,16,Brenner,GeoSphere,47.00722,11.51083,7.321641470107142,1479.5419921875,67.5419921875,TRUE,TRUE,TRUE,0.15253077975376195,0.25939979303208005,0.10686901327831808,914.0972265625,FALSE,11.147492396660846
253,Sunday Explorer,46.957971,10.882287,SLRI2,Rifflsee Talstation Grubenkopf,LWD,46.96259,10.852025,2.355983663227814,1989.41796875,-237.58203125,TRUE,FALSE,TRUE,0.5206979131029764,0.4123887748117728,0.10830913829120364,73.77591796875004,TRUE,3.274866156226425
254,Sundays for future - Gl”dis,46.962661,12.723854,MIOG1,Bunköpfl,LWD,46.983181,12.584813,10.805506254158804,2887.3173828125,468.3173828125,TRUE,FALSE,TRUE,0.8023931623931624,0.9170664838930774,0.11467332149991503,0,TRUE,12.3203196756898
255,Tabernakel - Laserz Nordwand,46.776166,12.81022,55,Lienz,GeoSphere,46.82555,12.80639,5.505143489978643,1820.7845458984375,1159.7845458984375,TRUE,TRUE,TRUE,0.3348168435467306,0.32945205479452055,0.00536478875221002,0,TRUE,8.420699220981366
256,Taschach-Eiswand,46.8965,10.8318,184,Pitztaler Gletscher,GeoSphere,46.92706,10.87914,4.953065768919828,2779.501953125,-84.39804687500009,TRUE,TRUE,TRUE,0.4782459746488523,0.3832191780821918,0.09502679656666052,528.4072558593753,FALSE,7.24277029924481
257,Terra Promessa - Laserz Nordwand,46.776166,12.81022,55,Lienz,GeoSphere,46.82555,12.80639,5.505143489978643,1820.7845458984375,1159.7845458984375,TRUE,TRUE,TRUE,0.3348168435467306,0.32945205479452055,0.00536478875221002,0,TRUE,8.420699220981366
258,Teufelskralle,47.009,10.6956,KAUN1,Roter Schrofen,LWD,47.04,10.7181,3.8501933156501416,2121.02392578125,-578.97607421875,TRUE,FALSE,TRUE,0.30687649674991446,0.9996580027359782,0.6927815059860637,7.3122851562498,FALSE,7.375978019155207
259,The Big Corner - Sulzkogel Westschulter,47.182479,11.00152,KZWO1,Zwölferkogel,LWD,47.190165,11.010845,1.108942901203863,2551.806884765625,-436.193115234375,TRUE,FALSE,TRUE,0.5032478632478633,1,0.4967521367521367,0,FALSE,3.6896820995462103
260,The Great Roof,47.11233503,10.8053112,SLBU2,Burgbach Mauchele,LWD,47.1000000304375,10.7950000100758,1.579826165499952,1206.989013671875,-890.010986328125,TRUE,FALSE,TRUE,0.08481532147742818,0.7000683994528044,0.6152530779753762,0,FALSE,5.6506128652463925
261,The Icefactor - Westlicher Geierkopf Nordwand,47.5189,10.8657,76,Reutte,GeoSphere,47.49444,10.71528,11.634218983360752,1727.5860595703125,885.7860595703125,TRUE,TRUE,TRUE,0.3171232876712329,0.36105407255304584,0.04393078488181295,273.31584472656255,FALSE,14.753739865838222
262,The Wind Corner,47.00838964,10.69394588,KAUN1,Roter Schrofen,LWD,47.04,10.7181,3.967616411947074,2127.616943359375,-572.383056640625,TRUE,FALSE,TRUE,0.3629832364009579,0.9996580027359782,0.6366747663350203,0,FALSE,7.308598352553696
263,Thriller - Hohe Warte,47.033896,11.617838,TTUX2,Tuxerjoch Schneestation,LWD,47.093149,11.648053,6.982615996969668,2174.030029296875,-205.969970703125,TRUE,FALSE,TRUE,0.3981513180417665,0.7832933926737419,0.38514207463197536,419.0103320312501,FALSE,10.009008475748407
264,Tr„nen der Sehnsucht,46.983,10.8795,SLRI2,Rifflsee Talstation Grubenkopf,LWD,46.96259,10.852025,3.085045971183513,2070.114990234375,-156.885009765625,TRUE,FALSE,TRUE,0.39596167008898014,0.4123887748117728,0.01642710472279263,101.89347656249991,TRUE,3.6141137160159538
265,Tristenkopf - Nordrinne,47.3306701,11.9578378,AKLE1,Saupanzen,LWD,47.365126,12.00693,5.331240591524816,2179.532958984375,222.532958984375,TRUE,FALSE,TRUE,0.993831391363948,0.998631074606434,0.00479968324248603,0,TRUE,5.901972038713211
266,"Urfall direct ""Eierpecker""",47.0049,11.2253,NSCH1,Schöckbichl,LWD,47.027353,11.178164,4.364124428933902,1794.0479736328125,-725.9520263671875,TRUE,FALSE,TRUE,0.2188034188034188,0.6233321929524461,0.4045287741490273,17.88818359375,FALSE,7.392590817298952
267,Urfall,47.005,11.2257,NSCH1,Schöckbichl,LWD,47.027353,11.178164,4.382712679841233,1740.885009765625,-779.114990234375,TRUE,FALSE,TRUE,0.17403220280918122,0.6233321929524461,0.44929999014326494,17.88818359375,FALSE,7.678400125856966
268,Via Margit,47.12452739,11.99958086,61,Mayrhofen,GeoSphere,47.1625,11.85139,11.990185448193156,1426.3289794921875,786.3289794921875,TRUE,TRUE,TRUE,0.4585616438356164,0.08686730506155951,0.3716943387740569,868.5994189453124,FALSE,18.225488589027044
269,Victimes des ‚tique(ttes) - Lsens,47.1139,11.1407,NFRA2,Franz-Senn-Hütte Kl Horntal,LWD,47.0960000187559,11.1623888694066,2.582867522442479,1892.5009765625,-610.4990234375,TRUE,FALSE,TRUE,0.4417808219178082,0.3318523581681476,0.1099284637496606,254.5780761718752,FALSE,5.137212776972712
270,Vordere Reiselehn Eisfall,46.98398579,10.87792397,SLRI2,Rifflsee Talstation Grubenkopf,LWD,46.96259,10.852025,3.0891415224176795,1990.7120361328125,-236.2879638671875,TRUE,FALSE,TRUE,0.43619568936024633,0.4123887748117728,0.02380691454847355,101.89347656249991,TRUE,3.838856081981069
271,Vorderer Brunnenkogel Nordwand,47.08481647,11.0951272,LBRE2,Breiter Grieskogel Schneestation,LWD,47.0839527777778,11.0273833333333,5.135866145517562,2538.574951171875,153.574951171875,TRUE,FALSE,TRUE,0.24,0.50580997949419,0.26580997949419005,406.29110351562485,FALSE,7.622397875992319
272,Vorderer Brunnenkogel Nordwestpfeiler,47.0843,11.1024,NFRA1,Franz-Senn-Hütte Horntaler Spitzl,LWD,47.099611,11.15541667,4.364627145860707,2837.6279296875,-8.3720703125,TRUE,FALSE,TRUE,0.5381457406773863,0.9026306798770072,0.3644849391996209,374.2682617187502,FALSE,6.656085186115821
273,Vorhang Pinnistal,47.0717,11.3288,GGAL2,Gallreideschrofen,LWD,47.052267,11.335489,2.221943783371382,1692.41796875,-487.58203125,TRUE,FALSE,TRUE,0.36851092896174864,0.664500683994528,0.29598975503277936,282.88677734375005,FALSE,5.140415235969721
274,Walk the Line - Zw”lferkogel Nordwestwand,47.19017909,11.00117683,KZWO1,Zwölferkogel,LWD,47.190165,11.010845,0.7313897429164433,2497.235107421875,-490.764892578125,TRUE,FALSE,TRUE,0.6484080794248545,1,0.35159192057514554,0,FALSE,3.0130777360871925
275,Warnschuss,47.45677142,10.51410913,TODO,Krinnenalpe Schneestation,LWD,47.4796083,10.5890528,6.186148067511613,1472.8690185546875,-50.1309814453125,TRUE,FALSE,TRUE,0.3251282051282051,0.49058541595344063,0.1654572108252355,536.1370361328125,FALSE,8.63239529813185
276,Wasserfall - Nasse Wand,47.454348,11.987379,ABRA2,Alpbach Wiedersberger Horn,LWD,47.3683333333333,11.925,10.666081834905404,570.4949951171875,-1263.5050048828125,TRUE,FALSE,TRUE,0.03143149982917663,0.689596167008898,0.6581646671797214,0,FALSE,15.7993383486516
277,Wechnerwand Nordwand - Plan W,47.1874,10.97087,KZWO1,Zwölferkogel,LWD,47.190165,11.010845,3.0397741994706924,2478.0849609375,-509.9150390625,TRUE,FALSE,TRUE,0.3226027397260274,1,0.6773972602739726,0,FALSE,6.34675357794886
278,Weiábachgraben Eisf„lle,47.57720654,12.62947083,129,Lofer Ort,GeoSphere,47.58444,12.69528,5.006818469955923,819.5269775390625,197.5269775390625,TRUE,TRUE,TRUE,0.4007516228220021,,,,FALSE,7.28063591380358
280,Weiáseespitze Nordwand,46.849971,10.71428776,KWEL2,Weisssee LWD,LWD,46.8729059674426,10.7143950117534,2.553121948694264,3206.583984375,726.583984375,TRUE,FALSE,TRUE,0.5990420800547382,0.350547195622435,0.2484948844323032,0,TRUE,5.115066562928673
282,Westl. Marzell Spitze Nordwestwand,46.76998362,10.88925362,SKRE1,Sölden Kreuzspitze,LWD,46.816395,10.870003,5.370768755703763,3191.680908203125,-261.319091796875,TRUE,FALSE,TRUE,0.43711551606288446,0.999314833847208,0.5621993177843235,0,FALSE,7.710664438548921
283,Westwandrinne,47.0038,11.8422,TTUX1,Tuxerjoch Windstation,LWD,47.089717,11.648987,17.5005077036677,3050.22705078125,532.22705078125,TRUE,FALSE,TRUE,0.8003424657534246,0.9948630136986302,0.19452054794520557,0,TRUE,19.41463697445644
284,White gold - Gl”dis,46.962661,12.723854,MIOG1,Bunköpfl,LWD,46.983181,12.584813,10.805506254158804,2887.3173828125,468.3173828125,TRUE,FALSE,TRUE,0.8023931623931624,0.9170664838930774,0.11467332149991503,0,TRUE,12.3203196756898
286,Wildspitze Nordwand,46.8885,10.8672,184,Pitztaler Gletscher,GeoSphere,46.92706,10.87914,4.387473758888877,3557.89501953125,693.9950195312499,TRUE,TRUE,TRUE,0.7549623545516769,0.3832191780821918,0.3717431764694851,0,FALSE,7.237690837125457
287,Wildspitze Nordwestgrat,46.8914,10.8643,184,Pitztaler Gletscher,GeoSphere,46.92706,10.87914,4.126959572035743,3385.56005859375,521.6600585937499,TRUE,TRUE,TRUE,0.4516792323509253,0.3832191780821918,0.06846005426873347,0,TRUE,5.636489881326318
288,Wildspitze Sdcouloir,46.8797,10.8669,SVVO2,Vorderegg,LWD,46.8735999798742,10.9211000089129,4.1798664760071755,3223.489990234375,1023.489990234375,TRUE,FALSE,TRUE,0.4465753424657534,0.5347245980157372,0.08814925554998382,140.95140625000022,FALSE,7.246844843243065
289,Wind of Change - Zw”lferkogel Nordwand,47.1925,11.008,KZWO1,Zwölferkogel,LWD,47.190165,11.010845,0.33746472828790364,2582.39599609375,-405.60400390625,TRUE,FALSE,TRUE,0.6401644962302947,1,0.3598355037697053,0,FALSE,2.4309812493626444
290,Winter-Variante am Fuástein,47.0472224,11.6421466,TTUX1,Tuxerjoch Windstation,LWD,47.089717,11.648987,4.7588252882430035,2733.677978515625,215.677978515625,TRUE,FALSE,TRUE,0.4476027397260274,0.9948630136986302,0.5472602739726028,352.58483398437465,FALSE,8.030140392387374
291,Wde Henn,47.47192315,12.06401825,214,Söll,GeoSphere,47.50306,12.20028,10.820374084758226,846.85302734375,149.85302734375,TRUE,TRUE,TRUE,0.6445205479452055,0.4309637730690362,0.2135567748761693,141.80344726562498,FALSE,12.082890766808609
292,Wunschkonzert - Rosshag Eisfall,47.0841,11.7645,TWAN2,Wandspitze Schneestation,LWD,47.121858,11.661969,8.833228451740936,1183.2939453125,-1306.7060546875,TRUE,FALSE,TRUE,0.3060875512995896,0.8301435406698564,0.5240559893702668,400.1895800781249,FALSE,14.952919876882987
293,Xice - Niederer Prijakt Westwand,46.91358,12.70585,MIOG1,Bunköpfl,LWD,46.983181,12.584813,12.026356481050009,2727.3193359375,308.3193359375,TRUE,FALSE,TRUE,0.66484268125855,0.9170664838930774,0.2522238026345275,154.85089843749984,FALSE,13.85322982254734
294,Zedlacher Eisfall - Tauerntal,47.02621,12.51287,MIOG2,Goldried Kessel,LWD,46.9900139,12.584625,6.775178564739284,1354.2489013671875,-726.7510986328125,TRUE,FALSE,TRUE,0.41144227475162726,0.30421377183967113,0.10722850291195613,0,TRUE,8.913741820057183
295,Zemmschlucht Eisfall,47.1405,11.8232,61,Mayrhofen,GeoSphere,47.1625,11.85139,3.248403794598268,809.81298828125,169.81298828125,TRUE,TRUE,TRUE,0.1122134793020869,0.08686730506155951,0.02534617424052739,52.15191894531256,TRUE,3.748974788022975
296,Zemmschlucht Eisschild,47.1429,11.8299,61,Mayrhofen,GeoSphere,47.1625,11.85139,2.7216078753183393,765.36798095703125,125.36798095703124,TRUE,TRUE,TRUE,0.162217659137577,0.08686730506155951,0.07535035407601748,229.99788574218744,FALSE,3.86107043290772
297,Zuckerhtl Nordwand,46.9652,11.15352,NSGS1,Schaufeljoch,LWD,46.9772,11.110900000000001,3.502210878369506,3392.43310546875,232.43310546875,TRUE,FALSE,TRUE,0.921655833048238,0.888128634964078,0.03352719808416005,0,TRUE,4.183875236293861
298,Zwingenfall,47.10414171,11.13586664,NFRA2,Franz-Senn-Hütte Kl Horntal,LWD,47.0960000187559,11.1623888694066,2.2046927484463033,2017.9940185546875,-485.0059814453125,TRUE,FALSE,TRUE,0.3124572210814511,0.3318523581681476,0.01939513708669654,233.42613281249987,FALSE,4.089097644569674
299,Nordwandprinzessin - Zw”lferkogel Nordwand,47.19047073,11.00349426,KZWO1,Zwölferkogel,LWD,47.190165,11.010845,0.5571156275094208,2640.342041015625,-347.657958984375,TRUE,FALSE,TRUE,0.7376712328767123,1,0.2623287671232877,0,TRUE,2.2132468263402214
319,Anderl-Lindner-Gedenkweg - Aggenstein Ostgipfel Nordwand,47.53732544,10.56064478,TODO2,Krinnenspitze,LWD,47.4742722,10.5845722,7.246005056972673,1792.136962890625,-197.863037109375,TRUE,FALSE,TRUE,0.8364779874213837,0.998972602739726,0.1624946153183423,0,TRUE,8.228146495701138
335,Backline - Hochgall Nordwand,46.917701,12.147701,IMOS1,Mosesgipfel Windstation,LWD,46.820923,12.336998,17.98916622366419,2991.92041015625,441.92041015625,TRUE,FALSE,TRUE,0.4765358361774744,0.1865160848733744,0.2900197513041,169.6640917968748,FALSE,20.322682870154612
336,Bärenköpfe Ostrinne,47.1448,12.5255,MIOH2,Hochgasser Schneestation,LWD,47.1475,12.5175,0.6761682691092497,2612.440673828125,-237.559326171875,TRUE,FALSE,TRUE,0.5395387149917628,0.6470588235294118,0.10752010853764904,120.04639648437478,FALSE,1.7528124960893834
343,Berglerrinne - Großglockner,47.0776,12.6972,KADL1,Kals Adlersruhe (Erzherzog-Johann-Hütte),LWD,47.069906,12.701532,0.9173031332438054,3184.847412109375,-269.152587890625,TRUE,FALSE,TRUE,0.0749475890985325,0.8347490347490347,0.7598014456505022,97.5072949218752,FALSE,3.939618119609376
348,Bonanza - Thiersee,47.584595,12.1215531,142,Kufstein,GeoSphere,47.57528,12.16278,3.2648478847289333,636.6719970703125,146.6719970703125,TRUE,TRUE,TRUE,0.33104866346812883,0.4803418803418803,0.14929321687375152,314.26972167968745,FALSE,5.016486414744719
387,Der gespaltene König - Pflerscher Tribulaun Südwand,46.98350595,11.33628379,GGAL1,Kalkwand,LWD,47.053101,11.325632,7.789348450787275,2521.587890625,77.587890625,TRUE,FALSE,TRUE,0.39513381995133817,0.8532831737346102,0.458149353783272,330.1558886718749,FALSE,10.35838979338709
388,Der gespaltene König - Pflerscher Tribulaun Südwand,46.9836,11.3361,GGAL2,Gallreideschrofen,LWD,47.052267,11.335489,7.644116126447367,2517.699951171875,337.699951171875,TRUE,FALSE,TRUE,0.401725790987536,0.664500683994528,0.262774893006992,297.89889648437475,FALSE,10.148286269335529
391,Der weiße Pinguin - Außergschlöß,47.1252526,12.4609621,MIOH2,Hochgasser Schneestation,LWD,47.1475,12.5175,4.946063701359404,1682.1417236328125,-1167.8582763671875,TRUE,FALSE,TRUE,0.0904109589041096,0.6470588235294118,0.5566478646253022,0,FALSE,9.53565298615328
396,Die Abenteuer des Augie March,47.10426,12.6481,82,Rudolfshütte,GeoSphere,47.13492,12.62594,3.803509505108308,2695.64990234375,378.64990234375,TRUE,TRUE,TRUE,0.20310296191819463,,,,FALSE,6.5301342609676825
400,Direkt Nord - Mittlerer Maurerkeeskopf,47.07629,12.26722,PESE1,Kreuzspitze,LWD,47.046708,12.358958,7.69674525101816,3285.31005859375,130.31005859375,TRUE,FALSE,TRUE,0.8571428571428571,0.998972250770812,0.14182939362795488,67.57705078124991,TRUE,8.4480085783864
401,Direkte Nordwand - Zugspitze,47.456045,10.994282,20,Ehrwald,GeoSphere,47.40417,10.92,8.039836871345758,1007.1060180664064,25.10601806640625,TRUE,TRUE,TRUE,0.3958699472759227,0.3735475051264525,0.02232244214947015,583.7618359375,FALSE,10.184616586710185
409,Ein Bolt kommt selten allein - Burgschrofen Kraspestal,47.19127272,11.06475592,KZWO1,Zwölferkogel,LWD,47.190165,11.010845,4.080132611043602,1998.81298828125,-989.18701171875,TRUE,FALSE,TRUE,0.2747516272696129,1,0.7252483727303871,0,FALSE,8.728845258531639
423,Eiskögele Nordflanke,47.10001925,12.65960813,KADL1,Kals Adlersruhe (Erzherzog-Johann-Hütte),LWD,47.069906,12.701532,4.619036028952294,3259.97412109375,-194.02587890625,TRUE,FALSE,TRUE,0.5495927168183996,0.8347490347490347,0.2851563179306351,288.11649414062504,FALSE,6.792035656572325
424,Eiskögele Nordwand Welzenbach,47.1023,12.6554,82,Rudolfshütte,GeoSphere,47.13492,12.62594,4.262166736828558,2938.971923828125,621.971923828125,TRUE,TRUE,TRUE,0.2505050505050505,,,,FALSE,7.597096546398871
467,Glockner NW - Aschenbrenner,47.0776,12.6971,KADL1,Kals Adlersruhe (Erzherzog-Johann-Hütte),LWD,47.069906,12.701532,0.9200448305025172,3186.333740234375,-267.666259765625,TRUE,FALSE,TRUE,0.07482993197278912,0.8347490347490347,0.7599191027762456,110.63681640625008,FALSE,3.991515053870317
476,Grießferner Nordwand,46.9858,11.7122,TTUX1,Tuxerjoch Windstation,LWD,47.089717,11.648987,12.522668919061385,2667.072021484375,149.072021484375,TRUE,FALSE,TRUE,0.2215018908698001,0.9948630136986302,0.7733611228288301,358.39855468749965,FALSE,16.329026560008806
496,Himmel und Hölle Zugspitze Nordwand,47.434,10.9864,20,Ehrwald,GeoSphere,47.40417,10.92,6.003392147330996,1642.321044921875,660.321044921875,TRUE,TRUE,TRUE,0.4829118250170882,0.3735475051264525,0.10936431989063566,360.949228515625,FALSE,9.106084633370092
503,Hochgall Nordwand,46.9177,12.1451,IMOS1,Mosesgipfel Windstation,LWD,46.820923,12.336998,18.148013614336655,2980.22021484375,430.22021484375,TRUE,FALSE,TRUE,0.30306071249372807,0.1865160848733744,0.11654462762035368,211.32001953125015,FALSE,20.09847811243209
505,Hochschober Nordflanke,46.945,12.6981,MIOG1,Bunköpfl,LWD,46.983181,12.584813,9.598785967684943,3007.14013671875,588.14013671875,TRUE,FALSE,TRUE,0.747008547008547,0.9170664838930774,0.1700579368845304,29.567548828125386,TRUE,11.579310120135409
534,Karwendeleisfall - Karwendelbahn Mittenwald,47.4304,11.2951,SROS1,Rosshütte Windstation,LWD,47.342025,11.227903,11.064966338439303,2154.632080078125,409.632080078125,TRUE,FALSE,TRUE,0.730752688172043,0.7484620642515379,0.01770937607949496,134.38649414062502,FALSE,12.359720643435605
544,Klammerkopf Nordrinne,46.9626,12.7598,43,Kals,GeoSphere,47.00478,12.6465,9.80212992816142,2693.881103515625,1341.481103515625,TRUE,TRUE,TRUE,0.2199870214146658,0.2503419972640219,0.03035497584935609,383.2364257812496,FALSE,14.459843317623548
604,Mayerlrampe - Großglockner,47.0784,12.6927,KADL1,Kals Adlersruhe (Erzherzog-Johann-Hütte),LWD,47.069906,12.701532,1.158625746389316,3261.46923828125,-192.53076171875,TRUE,FALSE,TRUE,0.17545414266725742,0.8347490347490347,0.6592948920817773,170.84077148437518,FALSE,3.981200412869024
607,Michltal - Geünter - Eisfall,47.033808,12.305818,PESE1,Kreuzspitze,LWD,47.046708,12.358958,4.2794624549294005,1820.5068359375,-1334.4931640625,TRUE,FALSE,TRUE,0.39623931623931624,0.998972250770812,0.6027329345314958,0,FALSE,9.42389416868014
616,Morbus Brexit - Aggenstein Nordostwand,47.53762,10.55979,TODO,Krinnenalpe Schneestation,LWD,47.4796083,10.5890528,6.822412258383396,1702.1419677734375,179.1419677734375,TRUE,FALSE,TRUE,0.6924719701014416,0.49058541595344063,0.20188655414800097,175.88168457031247,FALSE,8.259453578542242
636,Pallavicinirinne - Großglockner,47.0775,12.6991,KADL1,Kals Adlersruhe (Erzherzog-Johann-Hütte),LWD,47.069906,12.701532,0.8652344012518532,3152.527099609375,-301.472900390625,TRUE,FALSE,TRUE,0.03503562945368171,0.8347490347490347,0.7997134052953531,56.96394531250007,FALSE,4.018056868114475
652,Punkheitserreger - Aggenstein,47.5379428,10.5606776,TODO,Krinnenalpe Schneestation,LWD,47.4796083,10.5890528,6.835306876574671,1652.844970703125,129.844970703125,TRUE,FALSE,TRUE,0.4438746438746438,0.49058541595344063,0.04671077207879676,259.3732568359376,FALSE,8.017544646912624
670,Romariswandkopf Nordwand,47.0922,12.6697,KADL1,Kals Adlersruhe (Erzherzog-Johann-Hütte),LWD,47.069906,12.701532,3.46146240759638,3354.64794921875,-99.35205078125,TRUE,FALSE,TRUE,0.7072790969248735,0.8347490347490347,0.12746993782416127,290.3936523437501,FALSE,4.93382695739699
679,Säkularis - Großglockner Nordwand,47.07816,12.69407,KADL1,Kals Adlersruhe (Erzherzog-Johann-Hütte),LWD,47.069906,12.701532,1.0790264446443678,3216.39111328125,-237.60888671875,TRUE,FALSE,TRUE,0.11921458625525946,0.8347490347490347,0.7155344484937752,149.8293164062502,FALSE,4.098969272547569
699,Schneewinkelkopf Nordwand,47.0991,12.6621,KADL1,Kals Adlersruhe (Erzherzog-Johann-Hütte),LWD,47.069906,12.701532,4.415346814755069,3224.2685546875,-229.7314453125,TRUE,FALSE,TRUE,0.3681345868381989,0.8347490347490347,0.46661444791083584,278.76466796875,FALSE,7.1845774436438274
700,Schneiderrinne Light - Großglockner,47.0773,12.699,KADL1,Kals Adlersruhe (Erzherzog-Johann-Hütte),LWD,47.069906,12.701532,0.8451849618626006,3184.24267578125,-269.75732421875,TRUE,FALSE,TRUE,0.07097518753606463,0.8347490347490347,0.76377384721297,59.098300781250146,FALSE,3.8108998140483856
707,Seebachfall - Tauerntal,47.076405,12.52767,MIOH2,Hochgasser Schneestation,LWD,47.1475,12.5175,7.951675555949935,1285.01904296875,-1564.98095703125,TRUE,FALSE,TRUE,0.05245114844017826,0.6470588235294118,0.5946076750892335,0,FALSE,13.64795097379576
746,Stierkopf - Eibergfall,47.540445,12.179335,214,Söll,GeoSphere,47.50306,12.20028,4.449580111664417,588.0689697265625,-108.9310302734375,TRUE,TRUE,TRUE,0.10130047912388776,0.4309637730690362,0.3296632939451485,76.17976074218745,FALSE,5.710897569183457
748,Südwandwächter - Großglockner,47.074606,12.69545325,KADL1,Kals Adlersruhe (Erzherzog-Johann-Hütte),LWD,47.069906,12.701532,0.6972398024822992,3649.982421875,195.982421875,TRUE,FALSE,TRUE,0.974437237695536,0.8347490347490347,0.1396882029465013,26.552060546875055,TRUE,1.606260466009303
750,Superdirekte Nordwand - Zugspitze,47.430111,10.986628,20,Ehrwald,GeoSphere,47.40417,10.92,5.790242312808245,1843.489013671875,861.489013671875,TRUE,TRUE,TRUE,0.4319890635680109,0.3735475051264525,0.0584415584415584,382.5390917968748,FALSE,9.329445889500107
757,Teufelskamp Nordwand,47.0878,12.6797,KADL1,Kals Adlersruhe (Erzherzog-Johann-Hütte),LWD,47.069906,12.701532,2.589787127960451,3411.062255859375,-42.937744140625,TRUE,FALSE,TRUE,0.7191524719567927,0.8347490347490347,0.11559656279224206,211.0688769531248,FALSE,3.568196684501239
763,Theo-Riml-Gedenkweg - Großglockner,47.0774,12.6996,KADL1,Kals Adlersruhe (Erzherzog-Johann-Hütte),LWD,47.069906,12.701532,0.846989724707781,3141.770751953125,-312.229248046875,TRUE,FALSE,TRUE,0.05015290519877676,0.8347490347490347,0.7845961295502579,56.02195312499998,FALSE,3.981351233475742
789,Venediger NO-Flanke,47.1121,12.3445,PESE1,Kreuzspitze,LWD,47.046708,12.358958,7.361451800550127,3337.22802734375,182.22802734375,TRUE,FALSE,TRUE,0.4344861178762786,0.998972250770812,0.5644861328945334,270.6540039062502,FALSE,10.273096283218104
809,Weißkugel Nordwand,46.7998,10.7246,KWEL2,Weisssee LWD,LWD,46.8729059674426,10.7143950117534,8.175139877377822,3446.881103515625,966.881103515625,TRUE,FALSE,TRUE,0.5652173913043478,0.350547195622435,0.21467019568191276,38.41057617187517,TRUE,11.236353223212625
812,White Magic (Direct),47.1389587,11.8209036,61,Mayrhofen,GeoSphere,47.1625,11.85139,3.4920409387042355,813.885009765625,173.885009765625,TRUE,TRUE,TRUE,0.05369357045143639,0.08686730506155951,0.03317373461012312,48.810361328125055,TRUE,4.026274666948668
829,"Zugspitze Nordwand, ""Gazert/Völcker"", ""1.Mai""",47.43027,10.9921509,20,Ehrwald,GeoSphere,47.40417,10.92,6.162641099967542,2090.553955078125,1108.553955078125,TRUE,TRUE,TRUE,0.43546730571722014,0.3735475051264525,0.06191980059076762,259.2709179687499,FALSE,9.836869061310155
