uid,name,date,sunrise_topo,sunset_topo,sun_hours_topo
206,Reislehn Eisfall,2025-11-01,2025-11-01T12:25:00Z,2025-11-01T14:58:00Z,2.5666666666666664
206,Reislehn Eisfall,2025-11-02,2025-11-02T12:32:00Z,2025-11-02T14:58:00Z,2.4
206,Reislehn Eisfall,2025-11-03,2025-11-03T12:37:00Z,2025-11-03T14:57:00Z,2.35
206,Reislehn Eisfall,2025-11-04,2025-11-04T12:46:00Z,2025-11-04T14:57:00Z,2.2
206,Reislehn Eisfall,2025-11-05,2025-11-05T12:47:00Z,2025-11-05T14:56:00Z,2.15
206,Reislehn Eisfall,2025-11-06,2025-11-06T12:50:00Z,2025-11-06T14:55:00Z,2.1
206,Reislehn Eisfall,2025-11-07,2025-11-07T12:53:00Z,2025-11-07T14:55:00Z,2.05
206,Reislehn Eisfall,2025-11-08,2025-11-08T12:54:00Z,2025-11-08T14:54:00Z,1.95
206,Reislehn Eisfall,2025-11-09,2025-11-09T13:01:00Z,2025-11-09T14:54:00Z,1.9
206,Reislehn Eisfall,2025-11-10,2025-11-10T13:02:00Z,2025-11-10T14:54:00Z,1.8833333333333333
206,Reislehn Eisfall,2025-11-11,2025-11-11T13:03:00Z,2025-11-11T14:53:00Z,1.85
206,Reislehn Eisfall,2025-11-12,2025-11-12T13:04:00Z,2025-11-12T14:53:00Z,1.8333333333333333
206,Reislehn Eisfall,2025-11-13,2025-11-13T13:04:00Z,2025-11-13T14:53:00Z,1.7333333333333334
206,Reislehn Eisfall,2025-11-14,2025-11-14T13:13:00Z,2025-11-14T14:53:00Z,1.6833333333333331
206,Reislehn Eisfall,2025-11-15,2025-11-15T13:14:00Z,2025-11-15T14:53:00Z,1.6166666666666667
206,Reislehn Eisfall,2025-11-16,2025-11-16T13:18:00Z,2025-11-16T14:53:00Z,1.6
206,Reislehn Eisfall,2025-11-17,2025-11-17T13:19:00Z,2025-11-17T14:54:00Z,1.6
206,Reislehn Eisfall,2025-11-18,2025-11-18T13:20:00Z,2025-11-18T14:46:00Z,1.45
206,Reislehn Eisfall,2025-11-19,2025-11-19T13:21:00Z,2025-11-19T14:36:00Z,1.1833333333333331
206,Reislehn Eisfall,2025-11-20,2025-11-20T13:21:00Z,2025-11-20T14:23:00Z,1.05
206,Reislehn Eisfall,2025-11-21,2025-11-21T13:22:00Z,2025-11-21T14:21:00Z,1
206,Reislehn Eisfall,2025-11-22,2025-11-22T13:23:00Z,2025-11-22T14:20:00Z,0.9666666666666668
206,Reislehn Eisfall,2025-11-23,2025-11-23T13:24:00Z,2025-11-23T14:19:00Z,0.9333333333333332
206,Reislehn Eisfall,2025-11-24,2025-11-24T13:25:00Z,2025-11-24T14:19:00Z,0.9166666666666666
206,Reislehn Eisfall,2025-11-25,2025-11-25T13:25:00Z,2025-11-25T14:19:00Z,0.9166666666666666
206,Reislehn Eisfall,2025-11-26,2025-11-26T13:27:00Z,2025-11-26T14:18:00Z,0.8666666666666667
206,Reislehn Eisfall,2025-11-27,2025-11-27T13:29:00Z,2025-11-27T14:18:00Z,0.8166666666666667
206,Reislehn Eisfall,2025-11-28,2025-11-28T13:32:00Z,2025-11-28T14:17:00Z,0.7666666666666666
206,Reislehn Eisfall,2025-11-29,2025-11-29T13:33:00Z,2025-11-29T14:17:00Z,0.75
206,Reislehn Eisfall,2025-11-30,2025-11-30T13:34:00Z,2025-11-30T14:17:00Z,0.7333333333333333
206,Reislehn Eisfall,2025-12-01,2025-12-01T13:35:00Z,2025-12-01T14:16:00Z,0.7
206,Reislehn Eisfall,2025-12-02,2025-12-02T13:37:00Z,2025-12-02T14:16:00Z,0.6666666666666666
206,Reislehn Eisfall,2025-12-03,2025-12-03T13:38:00Z,2025-12-03T14:16:00Z,0.65
206,Reislehn Eisfall,2025-12-04,2025-12-04T13:39:00Z,2025-12-04T14:16:00Z,0.6333333333333333
206,Reislehn Eisfall,2025-12-05,2025-12-05T13:40:00Z,2025-12-05T14:16:00Z,0.6166666666666667
206,Reislehn Eisfall,2025-12-06,2025-12-06T13:40:00Z,2025-12-06T14:16:00Z,0.6166666666666667
206,Reislehn Eisfall,2025-12-07,2025-12-07T13:41:00Z,2025-12-07T14:16:00Z,0.6
206,Reislehn Eisfall,2025-12-08,2025-12-08T13:42:00Z,2025-12-08T14:17:00Z,0.6
206,Reislehn Eisfall,2025-12-09,2025-12-09T13:43:00Z,2025-12-09T14:17:00Z,0.55
206,Reislehn Eisfall,2025-12-10,2025-12-10T13:43:00Z,2025-12-10T14:17:00Z,0.5
206,Reislehn Eisfall,2025-12-11,2025-12-11T13:50:00Z,2025-12-11T14:17:00Z,0.4166666666666667
206,Reislehn Eisfall,2025-12-12,2025-12-12T13:50:00Z,2025-12-12T14:18:00Z,0.4
206,Reislehn Eisfall,2025-12-13,2025-12-13T13:56:00Z,2025-12-13T14:18:00Z,0.3833333333333333
206,Reislehn Eisfall,2025-12-14,2025-12-14T13:57:00Z,2025-12-14T14:18:00Z,0.36666666666666664
206,Reislehn Eisfall,2025-12-15,2025-12-15T13:58:00Z,2025-12-15T14:18:00Z,0.35
206,Reislehn Eisfall,2025-12-16,2025-12-16T13:58:00Z,2025-12-16T14:19:00Z,0.36666666666666664
206,Reislehn Eisfall,2025-12-17,2025-12-17T13:59:00Z,2025-12-17T14:19:00Z,0.35
206,Reislehn Eisfall,2025-12-18,2025-12-18T14:00:00Z,2025-12-18T14:20:00Z,0.35
206,Reislehn Eisfall,2025-12-19,2025-12-19T14:00:00Z,2025-12-19T14:20:00Z,0.35
206,Reislehn Eisfall,2025-12-20,2025-12-20T14:01:00Z,2025-12-20T14:20:00Z,0.3333333333333333
206,Reislehn Eisfall,2025-12-21,2025-12-21T14:01:00Z,2025-12-21T14:21:00Z,0.35
206,Reislehn Eisfall,2025-12-22,2025-12-22T14:02:00Z,2025-12-22T14:21:00Z,0.3333333333333333
206,Reislehn Eisfall,2025-12-23,2025-12-23T14:02:00Z,2025-12-23T14:22:00Z,0.35
206,Reislehn Eisfall,2025-12-24,2025-12-24T14:03:00Z,2025-12-24T14:23:00Z,0.35
206,Reislehn Eisfall,2025-12-25,2025-12-25T14:03:00Z,2025-12-25T14:23:00Z,0.35
206,Reislehn Eisfall,2025-12-26,2025-12-26T14:03:00Z,2025-12-26T14:24:00Z,0.36666666666666664
206,Reislehn Eisfall,2025-12-27,2025-12-27T14:04:00Z,2025-12-27T14:24:00Z,0.35
206,Reislehn Eisfall,2025-12-28,2025-12-28T14:04:00Z,2025-12-28T14:25:00Z,0.36666666666666664
206,Reislehn Eisfall,2025-12-29,2025-12-29T14:04:00Z,2025-12-29T14:26:00Z,0.3833333333333333
206,Reislehn Eisfall,2025-12-30,2025-12-30T14:05:00Z,2025-12-30T14:26:00Z,0.36666666666666664
206,Reislehn Eisfall,2025-12-31,2025-12-31T14:00:00Z,2025-12-31T14:27:00Z,0.4
206,Reislehn Eisfall,2026-01-01,2026-01-01T13:54:00Z,2026-01-01T14:28:00Z,0.4666666666666667
206,Reislehn Eisfall,2026-01-02,2026-01-02T13:55:00Z,2026-01-02T14:28:00Z,0.48333333333333334
206,Reislehn Eisfall,2026-01-03,2026-01-03T13:55:00Z,2026-01-03T14:29:00Z,0.55
206,Reislehn Eisfall,2026-01-04,2026-01-04T13:55:00Z,2026-01-04T14:30:00Z,0.6
206,Reislehn Eisfall,2026-01-05,2026-01-05T13:55:00Z,2026-01-05T14:30:00Z,0.6
206,Reislehn Eisfall,2026-01-06,2026-01-06T13:55:00Z,2026-01-06T14:31:00Z,0.6166666666666667
206,Reislehn Eisfall,2026-01-07,2026-01-07T13:55:00Z,2026-01-07T14:32:00Z,0.6333333333333333
206,Reislehn Eisfall,2026-01-08,2026-01-08T13:55:00Z,2026-01-08T14:33:00Z,0.65
206,Reislehn Eisfall,2026-01-09,2026-01-09T13:55:00Z,2026-01-09T14:34:00Z,0.6666666666666666
206,Reislehn Eisfall,2026-01-10,2026-01-10T13:55:00Z,2026-01-10T14:34:00Z,0.6666666666666666
206,Reislehn Eisfall,2026-01-11,2026-01-11T13:54:00Z,2026-01-11T14:35:00Z,0.7
206,Reislehn Eisfall,2026-01-12,2026-01-12T13:54:00Z,2026-01-12T14:36:00Z,0.7166666666666667
206,Reislehn Eisfall,2026-01-13,2026-01-13T13:53:00Z,2026-01-13T14:37:00Z,0.75
206,Reislehn Eisfall,2026-01-14,2026-01-14T13:53:00Z,2026-01-14T14:39:00Z,0.7833333333333333
206,Reislehn Eisfall,2026-01-15,2026-01-15T13:50:00Z,2026-01-15T14:40:00Z,0.8333333333333334
206,Reislehn Eisfall,2026-01-16,2026-01-16T13:50:00Z,2026-01-16T14:41:00Z,0.8666666666666667
206,Reislehn Eisfall,2026-01-17,2026-01-17T13:48:00Z,2026-01-17T14:42:00Z,0.9166666666666666
206,Reislehn Eisfall,2026-01-18,2026-01-18T13:48:00Z,2026-01-18T14:43:00Z,0.9333333333333332
206,Reislehn Eisfall,2026-01-19,2026-01-19T13:48:00Z,2026-01-19T14:44:00Z,0.95
206,Reislehn Eisfall,2026-01-20,2026-01-20T13:48:00Z,2026-01-20T14:45:00Z,0.9666666666666668
206,Reislehn Eisfall,2026-01-21,2026-01-21T13:48:00Z,2026-01-21T14:47:00Z,1
206,Reislehn Eisfall,2026-01-22,2026-01-22T13:47:00Z,2026-01-22T14:49:00Z,1.05
206,Reislehn Eisfall,2026-01-23,2026-01-23T13:47:00Z,2026-01-23T15:03:00Z,1.2166666666666666
206,Reislehn Eisfall,2026-01-24,2026-01-24T13:47:00Z,2026-01-24T15:19:00Z,1.55
206,Reislehn Eisfall,2026-01-25,2026-01-25T13:46:00Z,2026-01-25T15:21:00Z,1.6
206,Reislehn Eisfall,2026-01-26,2026-01-26T13:46:00Z,2026-01-26T15:21:00Z,1.6
206,Reislehn Eisfall,2026-01-27,2026-01-27T13:42:00Z,2026-01-27T15:22:00Z,1.65
206,Reislehn Eisfall,2026-01-28,2026-01-28T13:42:00Z,2026-01-28T15:22:00Z,1.6833333333333331
206,Reislehn Eisfall,2026-01-29,2026-01-29T13:33:00Z,2026-01-29T15:22:00Z,1.7333333333333334
206,Reislehn Eisfall,2026-01-30,2026-01-30T13:33:00Z,2026-01-30T15:22:00Z,1.8333333333333333
206,Reislehn Eisfall,2026-01-31,2026-01-31T13:32:00Z,2026-01-31T15:23:00Z,1.8666666666666667
206,Reislehn Eisfall,2026-02-01,2026-02-01T13:32:00Z,2026-02-01T15:23:00Z,1.8666666666666667
206,Reislehn Eisfall,2026-02-02,2026-02-02T13:31:00Z,2026-02-02T15:24:00Z,1.9
206,Reislehn Eisfall,2026-02-03,2026-02-03T13:24:00Z,2026-02-03T15:25:00Z,1.9833333333333336
206,Reislehn Eisfall,2026-02-04,2026-02-04T13:23:00Z,2026-02-04T15:25:00Z,2.05
206,Reislehn Eisfall,2026-02-05,2026-02-05T13:20:00Z,2026-02-05T15:26:00Z,2.1166666666666667
206,Reislehn Eisfall,2026-02-06,2026-02-06T13:17:00Z,2026-02-06T15:27:00Z,2.183333333333333
206,Reislehn Eisfall,2026-02-07,2026-02-07T13:11:00Z,2026-02-07T15:27:00Z,2.2666666666666666
206,Reislehn Eisfall,2026-02-08,2026-02-08T13:07:00Z,2026-02-08T15:28:00Z,2.3666666666666667
206,Reislehn Eisfall,2026-02-09,2026-02-09T13:02:00Z,2026-02-09T15:29:00Z,2.45
206,Reislehn Eisfall,2026-02-10,2026-02-10T12:56:00Z,2026-02-10T15:29:00Z,2.5666666666666664
206,Reislehn Eisfall,2026-02-11,2026-02-11T12:55:00Z,2026-02-11T15:29:00Z,2.5833333333333335
206,Reislehn Eisfall,2026-02-12,2026-02-12T12:54:00Z,2026-02-12T15:30:00Z,2.6166666666666667
206,Reislehn Eisfall,2026-02-13,2026-02-13T12:47:00Z,2026-02-13T15:30:00Z,2.7333333333333334
206,Reislehn Eisfall,2026-02-14,2026-02-14T12:46:00Z,2026-02-14T15:31:00Z,2.7666666666666666
206,Reislehn Eisfall,2026-02-15,2026-02-15T12:46:00Z,2026-02-15T15:31:00Z,2.7666666666666666
206,Reislehn Eisfall,2026-02-16,2026-02-16T12:42:00Z,2026-02-16T15:32:00Z,2.8166666666666664
206,Reislehn Eisfall,2026-02-17,2026-02-17T12:39:00Z,2026-02-17T15:32:00Z,2.9
206,Reislehn Eisfall,2026-02-18,2026-02-18T12:36:00Z,2026-02-18T15:32:00Z,2.95
206,Reislehn Eisfall,2026-02-19,2026-02-19T12:29:00Z,2026-02-19T15:32:00Z,3.0666666666666664
206,Reislehn Eisfall,2026-02-20,2026-02-20T12:26:00Z,2026-02-20T15:33:00Z,3.1166666666666667
206,Reislehn Eisfall,2026-02-21,2026-02-21T12:22:00Z,2026-02-21T15:33:00Z,3.2
206,Reislehn Eisfall,2026-02-22,2026-02-22T12:18:00Z,2026-02-22T15:33:00Z,3.2666666666666666
206,Reislehn Eisfall,2026-02-23,2026-02-23T12:17:00Z,2026-02-23T15:33:00Z,3.283333333333333
206,Reislehn Eisfall,2026-02-24,2026-02-24T12:17:00Z,2026-02-24T15:33:00Z,3.283333333333333
206,Reislehn Eisfall,2026-02-25,2026-02-25T12:15:00Z,2026-02-25T15:33:00Z,3.3166666666666664
206,Reislehn Eisfall,2026-02-26,2026-02-26T12:08:00Z,2026-02-26T15:33:00Z,3.433333333333333
206,Reislehn Eisfall,2026-02-27,2026-02-27T12:08:00Z,2026-02-27T15:33:00Z,3.433333333333333
206,Reislehn Eisfall,2026-02-28,2026-02-28T12:01:00Z,2026-02-28T15:34:00Z,3.4833333333333334
206,Reislehn Eisfall,2026-03-01,2026-03-01T12:01:00Z,2026-03-01T15:34:00Z,3.5666666666666664
206,Reislehn Eisfall,2026-03-02,2026-03-02T12:00:00Z,2026-03-02T15:34:00Z,3.5833333333333335
206,Reislehn Eisfall,2026-03-03,2026-03-03T11:58:00Z,2026-03-03T15:35:00Z,3.6333333333333337
206,Reislehn Eisfall,2026-03-04,2026-03-04T11:53:00Z,2026-03-04T15:35:00Z,3.716666666666667
206,Reislehn Eisfall,2026-03-05,2026-03-05T11:52:00Z,2026-03-05T15:35:00Z,3.7333333333333334
206,Reislehn Eisfall,2026-03-06,2026-03-06T11:51:00Z,2026-03-06T15:35:00Z,3.75
206,Reislehn Eisfall,2026-03-07,2026-03-07T11:44:00Z,2026-03-07T15:35:00Z,3.783333333333333
206,Reislehn Eisfall,2026-03-08,2026-03-08T11:05:00Z,2026-03-08T15:35:00Z,4.383333333333333
206,Reislehn Eisfall,2026-03-09,2026-03-09T11:05:00Z,2026-03-09T15:35:00Z,4.516666666666667
206,Reislehn Eisfall,2026-03-10,2026-03-10T11:04:00Z,2026-03-10T15:43:00Z,4.666666666666667
206,Reislehn Eisfall,2026-03-11,2026-03-11T11:00:00Z,2026-03-11T15:44:00Z,4.75
206,Reislehn Eisfall,2026-03-12,2026-03-12T10:59:00Z,2026-03-12T15:45:00Z,4.783333333333333
206,Reislehn Eisfall,2026-03-13,2026-03-13T10:59:00Z,2026-03-13T15:46:00Z,4.8
206,Reislehn Eisfall,2026-03-14,2026-03-14T10:56:00Z,2026-03-14T15:46:00Z,4.85
206,Reislehn Eisfall,2026-03-15,2026-03-15T10:52:00Z,2026-03-15T15:47:00Z,4.933333333333334
206,Reislehn Eisfall,2026-03-16,2026-03-16T10:50:00Z,2026-03-16T15:47:00Z,4.966666666666667
206,Reislehn Eisfall,2026-03-17,2026-03-17T10:49:00Z,2026-03-17T15:47:00Z,4.983333333333333
206,Reislehn Eisfall,2026-03-18,2026-03-18T10:47:00Z,2026-03-18T15:47:00Z,5.016666666666667
206,Reislehn Eisfall,2026-03-19,2026-03-19T10:45:00Z,2026-03-19T15:47:00Z,5.05
206,Reislehn Eisfall,2026-03-20,2026-03-20T10:40:00Z,2026-03-20T15:47:00Z,5.133333333333333
206,Reislehn Eisfall,2026-03-21,2026-03-21T10:37:00Z,2026-03-21T15:48:00Z,5.2
206,Reislehn Eisfall,2026-03-22,2026-03-22T10:36:00Z,2026-03-22T15:49:00Z,5.233333333333333
206,Reislehn Eisfall,2026-03-23,2026-03-23T10:32:00Z,2026-03-23T15:54:00Z,5.383333333333333
206,Reislehn Eisfall,2026-03-24,2026-03-24T10:16:00Z,2026-03-24T16:00:00Z,5.733333333333333
206,Reislehn Eisfall,2026-03-25,2026-03-25T10:08:00Z,2026-03-25T16:00:00Z,5.883333333333333
206,Reislehn Eisfall,2026-03-26,2026-03-26T10:04:00Z,2026-03-26T16:01:00Z,5.966666666666667
206,Reislehn Eisfall,2026-03-27,2026-03-27T10:01:00Z,2026-03-27T16:02:00Z,6.033333333333333
206,Reislehn Eisfall,2026-03-28,2026-03-28T09:59:00Z,2026-03-28T16:03:00Z,6.083333333333333
206,Reislehn Eisfall,2026-03-29,2026-03-29T09:58:00Z,2026-03-29T16:06:00Z,6.15
206,Reislehn Eisfall,2026-03-30,2026-03-30T09:53:00Z,2026-03-30T16:07:00Z,6.25
206,Reislehn Eisfall,2026-03-31,2026-03-31T09:52:00Z,2026-03-31T16:06:00Z,6.25
206,Reislehn Eisfall,2026-04-01,2026-04-01T09:49:00Z,2026-04-01T16:07:00Z,6.316666666666666
206,Reislehn Eisfall,2026-04-02,2026-04-02T09:12:00Z,2026-04-02T16:10:00Z,6.466666666666667
206,Reislehn Eisfall,2026-04-03,2026-04-03T09:10:00Z,2026-04-03T16:12:00Z,6.683333333333334
206,Reislehn Eisfall,2026-04-04,2026-04-04T09:09:00Z,2026-04-04T16:14:00Z,6.883333333333333
206,Reislehn Eisfall,2026-04-05,2026-04-05T09:08:00Z,2026-04-05T16:14:00Z,7.05
206,Reislehn Eisfall,2026-04-06,2026-04-06T09:06:00Z,2026-04-06T16:18:00Z,7.216666666666667
206,Reislehn Eisfall,2026-04-07,2026-04-07T09:04:00Z,2026-04-07T16:20:00Z,7.283333333333333
206,Reislehn Eisfall,2026-04-08,2026-04-08T09:01:00Z,2026-04-08T16:21:00Z,7.35
206,Reislehn Eisfall,2026-04-09,2026-04-09T08:59:00Z,2026-04-09T16:49:00Z,7.85
206,Reislehn Eisfall,2026-04-10,2026-04-10T08:58:00Z,2026-04-10T16:49:00Z,7.866666666666666
206,Reislehn Eisfall,2026-04-11,2026-04-11T08:54:00Z,2026-04-11T16:54:00Z,7.966666666666667
206,Reislehn Eisfall,2026-04-12,2026-04-12T08:53:00Z,2026-04-12T16:57:00Z,8.083333333333334
206,Reislehn Eisfall,2026-04-13,2026-04-13T08:51:00Z,2026-04-13T16:57:00Z,8.116666666666667
206,Reislehn Eisfall,2026-04-14,2026-04-14T08:49:00Z,2026-04-14T17:02:00Z,8.2
206,Reislehn Eisfall,2026-04-15,2026-04-15T08:49:00Z,2026-04-15T17:03:00Z,8.25
206,Reislehn Eisfall,2026-04-16,2026-04-16T08:48:00Z,2026-04-16T17:03:00Z,8.266666666666666
206,Reislehn Eisfall,2026-04-17,2026-04-17T08:47:00Z,2026-04-17T17:03:00Z,8.283333333333333
206,Reislehn Eisfall,2026-04-18,2026-04-18T08:45:00Z,2026-04-18T17:03:00Z,8.316666666666666
206,Reislehn Eisfall,2026-04-19,2026-04-19T08:42:00Z,2026-04-19T17:03:00Z,8.366666666666667
206,Reislehn Eisfall,2026-04-20,2026-04-20T08:38:00Z,2026-04-20T17:13:00Z,8.466666666666667
206,Reislehn Eisfall,2026-04-21,2026-04-21T08:37:00Z,2026-04-21T17:22:00Z,8.766666666666666
206,Reislehn Eisfall,2026-04-22,2026-04-22T08:37:00Z,2026-04-22T17:23:00Z,8.783333333333333
206,Reislehn Eisfall,2026-04-23,2026-04-23T08:37:00Z,2026-04-23T17:24:00Z,8.8
206,Reislehn Eisfall,2026-04-24,2026-04-24T08:36:00Z,2026-04-24T17:24:00Z,8.816666666666666
206,Reislehn Eisfall,2026-04-25,2026-04-25T08:33:00Z,2026-04-25T17:24:00Z,8.866666666666667
206,Reislehn Eisfall,2026-04-26,2026-04-26T08:33:00Z,2026-04-26T17:24:00Z,8.866666666666667
206,Reislehn Eisfall,2026-04-27,2026-04-27T08:32:00Z,2026-04-27T17:24:00Z,8.883333333333333
206,Reislehn Eisfall,2026-04-28,2026-04-28T08:31:00Z,2026-04-28T17:25:00Z,8.916666666666666
206,Reislehn Eisfall,2026-04-29,2026-04-29T08:30:00Z,2026-04-29T17:26:00Z,8.95
206,Reislehn Eisfall,2026-04-30,2026-04-30T08:29:00Z,2026-04-30T17:27:00Z,8.983333333333333
