uid,icefall_name,station_id,station_name,icefall_cap_potential,icefall_cap_class,icefall_cap_confidence,station_cap_potential,station_cap_class,station_cap_confidence,cap_delta,cap_delta_positive,cap_pair_confidence
1,Mannerschnitte,136,Umhausen,0.42504263920924673,medium,1.0,0.32202879033410065,low,1.0,0.10301384887514609,0.10301384887514609,1.0
2,Baselayer,136,Umhausen,0.34318825822000726,low,1.0,0.32202879033410065,low,1.0,0.021159467885906613,0.021159467885906613,1.0
3,Zapfenstreich,136,Umhausen,0.35834720049042235,low,1.0,0.32202879033410065,low,1.0,0.0363184101563217,0.0363184101563217,1.0
4,Zwei Welten,136,Umhausen,0.35834720049042235,low,1.0,0.32202879033410065,low,1.0,0.0363184101563217,0.0363184101563217,1.0
6,Kalte Dusche,136,Umhausen,0.36972005644086164,low,1.0,0.32202879033410065,low,1.0,0.047691266106761,0.047691266106761,1.0
7,Sibirien,136,Umhausen,0.36972005644086164,low,1.0,0.32202879033410065,low,1.0,0.047691266106761,0.047691266106761,1.0
8,Vorsaison,136,Umhausen,0.36972005644086164,low,1.0,0.32202879033410065,low,1.0,0.047691266106761,0.047691266106761,1.0
9,Golden Shower,136,Umhausen,0.3783718058408675,low,1.0,0.32202879033410065,low,1.0,0.05634301550676685,0.05634301550676685,1.0
10,Reichalm Fall,136,Umhausen,0.5411416836296706,medium,1.0,0.32202879033410065,low,1.0,0.21911289329557,0.21911289329557,1.0
11,Dripping Elegance,136,Umhausen,0.1414632698554727,low,1.0,0.32202879033410065,low,1.0,-0.18056552047862795,0.0,1.0
12,Nachtfalter,136,Umhausen,0.4854966735259926,medium,1.0,0.32202879033410065,low,1.0,0.16346788319189193,0.16346788319189193,1.0
13,Spongebob,136,Umhausen,0.3666428979038537,low,1.0,0.32202879033410065,low,1.0,0.044614107569753036,0.044614107569753036,1.0
14,Drytooling Klettergarten,136,Umhausen,0.6324394300774848,medium,1.0,0.32202879033410065,low,1.0,0.3104106397433842,0.3104106397433842,1.0
15,Triple Direkt,136,Umhausen,0.37091947925455565,low,1.0,0.32202879033410065,low,1.0,0.048890688920455005,0.048890688920455005,1.0
16,Guillotine,136,Umhausen,0.42183704692457846,medium,1.0,0.32202879033410065,low,1.0,0.09980825659047782,0.09980825659047782,1.0
17,Mixed Klettergarten Liftspur,LBRE2,Breiter Grieskogel Schneestation,0.40368411771664664,medium,1.0,0.331895534416485,low,1.0,0.07178858330016163,0.07178858330016163,1.0
18,Esso Mixed,LBRE2,Breiter Grieskogel Schneestation,0.4836634570472623,medium,1.0,0.331895534416485,low,1.0,0.15176792263077732,0.15176792263077732,1.0
19,Badle,LBRE2,Breiter Grieskogel Schneestation,0.4836634570472623,medium,1.0,0.331895534416485,low,1.0,0.15176792263077732,0.15176792263077732,1.0
20,Burgsteiner Mixed,LBRE2,Breiter Grieskogel Schneestation,0.33087515208337515,low,1.0,0.331895534416485,low,1.0,-0.0010203823331098594,0.0,1.0
21,Mixed Klettergebiet,LBRE2,Breiter Grieskogel Schneestation,0.38773405246883313,low,1.0,0.331895534416485,low,1.0,0.05583851805234813,0.05583851805234813,1.0
22,Nordstau,LBRE2,Breiter Grieskogel Schneestation,0.38773405246883313,low,1.0,0.331895534416485,low,1.0,0.05583851805234813,0.05583851805234813,1.0
23,Pokerface,LBRE2,Breiter Grieskogel Schneestation,0.38773405246883313,low,1.0,0.331895534416485,low,1.0,0.05583851805234813,0.05583851805234813,1.0
24,New Life,LBRE2,Breiter Grieskogel Schneestation,0.38773405246883313,low,1.0,0.331895534416485,low,1.0,0.05583851805234813,0.05583851805234813,1.0
25,Via Ali,LBRE2,Breiter Grieskogel Schneestation,0.31585738295794547,low,1.0,0.331895534416485,low,1.0,-0.01603815145853954,0.0,1.0
26,Lucky Strike,SGIG2,Giggijoch,0.7295590207495872,high,1.0,0.30902087782742627,low,1.0,0.42053814292216096,0.42053814292216096,1.0
27,Fritz Phantom,SGIG2,Giggijoch,0.15791207901576193,low,1.0,0.30902087782742627,low,1.0,-0.15110879881166434,0.0,1.0
28,Waldesruh Ralley - Bichlfall,SGIG2,Giggijoch,0.820672482203568,high,1.0,0.30902087782742627,low,1.0,0.5116516043761418,0.5116516043761418,1.0
29,Taufenbachfall (ohne Vorhang),SGIG2,Giggijoch,0.920760542957238,high,1.0,0.30902087782742627,low,1.0,0.6117396651298117,0.6117396651298117,1.0
30,Mhlgartenfall / Betonwerks?õule,SGIG2,Giggijoch,0.920760542957238,high,1.0,0.30902087782742627,low,1.0,0.6117396651298117,0.6117396651298117,1.0
31,Elfenbein,SGIG2,Giggijoch,0.920760542957238,high,1.0,0.30902087782742627,low,1.0,0.6117396651298117,0.6117396651298117,1.0
32,R?õtselburg,SBAR2,Bartiges Bödele,0.5665404514918763,medium,1.0,0.2925746857859012,low,1.0,0.2739657657059751,0.2739657657059751,1.0
33,Freizeitstress,SBAR2,Bartiges Bödele,0.5665404514918763,medium,1.0,0.2925746857859012,low,1.0,0.2739657657059751,0.2739657657059751,1.0
34,Namenlos,SBAR2,Bartiges Bödele,0.41716700195415074,medium,1.0,0.2925746857859012,low,1.0,0.12459231616824956,0.12459231616824956,1.0
35,Hohe Brcke,SVVO1,Marchkofel,0.7530520028437648,high,1.0,0.26673540749047764,low,1.0,0.4863165953532872,0.4863165953532872,1.0
36,Testgolla,136,Umhausen,0.6324394300774848,medium,1.0,0.32202879033410065,low,1.0,0.3104106397433842,0.3104106397433842,1.0
37,Klettergarten Oberried - Eispark,136,Umhausen,0.6533905545438381,medium,1.0,0.32202879033410065,low,1.0,0.33136176420973745,0.33136176420973745,1.0
38,Zwieselsteinf?õlle,SBAR2,Bartiges Bödele,0.47979042898562047,medium,1.0,0.2925746857859012,low,1.0,0.1872157431997193,0.1872157431997193,1.0
39,Khlenkar Wasserfall,LBRE2,Breiter Grieskogel Schneestation,0.5462201215522892,medium,1.0,0.331895534416485,low,1.0,0.21432458713580416,0.21432458713580416,1.0
40,Bachfalle,LBRE2,Breiter Grieskogel Schneestation,0.6625870026064893,medium,1.0,0.331895534416485,low,1.0,0.3306914681900043,0.3306914681900043,1.0
41,Wtenbach/Kaisers,SBAR2,Bartiges Bödele,0.5954711921330581,medium,1.0,0.2925746857859012,low,1.0,0.3028965063471569,0.3028965063471569,1.0
42,Sevlstauda,136,Umhausen,0.4854966735259926,medium,1.0,0.32202879033410065,low,1.0,0.16346788319189193,0.16346788319189193,1.0
43,Mammut Lex,SGIG2,Giggijoch,0.920760542957238,high,1.0,0.30902087782742627,low,1.0,0.6117396651298117,0.6117396651298117,1.0
44,Gegenwind,SBAR2,Bartiges Bödele,0.5665404514918763,medium,1.0,0.2925746857859012,low,1.0,0.2739657657059751,0.2739657657059751,1.0
45,Herbstgold,SBAR2,Bartiges Bödele,0.580648445757773,medium,1.0,0.2925746857859012,low,1.0,0.2880737599718718,0.2880737599718718,1.0
46,Forsttechnik,SGIG2,Giggijoch,0.7556132101066052,high,1.0,0.30902087782742627,low,1.0,0.44659233227917894,0.44659233227917894,1.0
47,Milchschnitte,136,Umhausen,0.42504263920924673,medium,1.0,0.32202879033410065,low,1.0,0.10301384887514609,0.10301384887514609,1.0
48,Venter Eisfall,SVVO2,Vorderegg,0.7161696314803679,high,1.0,0.4844741025340932,medium,1.0,0.23169552894627476,0.23169552894627476,1.0
49,24 hours of freedom - Sagwand,TTUX2,Tuxerjoch Schneestation,0.6189636348192498,medium,1.0,0.1805638057207317,low,1.0,0.43839982909851805,0.43839982909851805,1.0
50,3. Zwerg,NSCH1,Schöckbichl,0.805758005842206,high,1.0,0.32085516750922793,low,1.0,0.4849028383329781,0.4849028383329781,1.0
51,7. Zwerg - Grawa Eisgarten,NSCH1,Schöckbichl,0.8160279626779504,high,1.0,0.32085516750922793,low,1.0,0.4951727951687225,0.4951727951687225,1.0
52,Adieu Konni - Geierkopf-Nordwand,76,Reutte,0.1729314506263241,low,1.0,0.32457125483605964,low,1.0,-0.15163980420973555,0.0,1.0
53,Amore Fragile,121,Nauders,0.44496947878747234,medium,1.0,0.43433236253064966,medium,1.0,0.010637116256822676,0.010637116256822676,1.0
54,Amphitrite,16,Brenner,0.334964989758229,low,1.0,0.43532038109841964,medium,1.0,-0.10035539134019061,0.0,1.0
55,Aria 51 - Laserz Nordwand,55,Lienz,0.40967409407131944,medium,1.0,0.3125258736803663,low,1.0,0.09714822039095317,0.09714822039095317,1.0
56,Art of Freedom - Serles,FSEE2,Schlicker Alm,0.24507428236097323,low,1.0,0.4958796906495462,medium,1.0,-0.25080540828857295,0.0,1.0
57,Asylzapfen in St. Gertraudi,42,Jenbach,0.12972015307542345,low,1.0,0.5089331684129713,medium,1.0,-0.37921301533754787,0.0,1.0
58,Auf alten Spuren,TTUX2,Tuxerjoch Schneestation,0.48390784853459023,medium,1.0,0.1805638057207317,low,1.0,0.3033440428138585,0.3033440428138585,1.0
59,Aufnahmeprfung - Tauerntal,MIOH2,Hochgasser Schneestation,0.6707730898265424,medium,1.0,0.06633880863129411,low,1.0,0.6044342811952482,0.6044342811952482,1.0
61,Badlands - Sagwandspitze,TTUX2,Tuxerjoch Schneestation,0.31668151838893044,low,1.0,0.1805638057207317,low,1.0,0.13611771266819875,0.13611771266819875,1.0
62,Ballerina Rinne,178,Hochfilzen,0.21079630962379947,low,1.0,0.22865734938284005,low,1.0,-0.017861039759040576,0.0,1.0
63,Bananenecke - Groáglockner,KADL1,Kals Adlersruhe (Erzherzog-Johann-Hütte),0.12696036977718758,low,1.0,0.014382537677181416,low,1.0,0.11257783210000616,0.11257783210000616,1.0
64,Bayerisch Schottische Wintergames - Westlicher Geierkopf,76,Reutte,0.09986473364122518,low,1.0,0.32457125483605964,low,1.0,-0.22470652119483447,0.0,1.0
65,Beilfall Beilf„lle - Fernautal,NSGE2,Eissee,0.5939917507921245,medium,1.0,0.3756336558926483,low,1.0,0.21835809489947622,0.21835809489947622,1.0
66,Berufsschule - Treffauer,KTRI1,Tristecken Griesneralm Windstation,0.1713332862820855,low,1.0,0.0,low,1.0,0.1713332862820855,0.1713332862820855,1.0
67,Bese Hexe - Grawa Eisgarten,NSCH1,Schöckbichl,0.8241441933045883,high,1.0,0.32085516750922793,low,1.0,0.5032890257953604,0.5032890257953604,1.0
68,Besinnungsweg,NELF1,Elferspitze Windstation,0.7121745982350952,high,1.0,0.047000461807223025,low,1.0,0.6651741364278722,0.6651741364278722,1.0
69,Bichelerstal Eisfall,NELF2,Elferspitze Schneestation,0.47443543775004027,medium,1.0,0.2728686373621702,low,1.0,0.20156680038787006,0.20156680038787006,1.0
70,Bierfahrerbeifahrer - Kuhkopf,ISEE1,Hafelekar,0.5566035895289956,medium,1.0,0.0012709098815917974,low,1.0,0.5553326796474037,0.5553326796474037,1.0
71,Big Brother is watching you - Freiwandspitze,KADL1,Kals Adlersruhe (Erzherzog-Johann-Hütte),0.5416707034344199,medium,1.0,0.014382537677181416,low,1.0,0.5272881657572385,0.5272881657572385,1.0
72,Black Denim - Ochsengarten,126,Haiming,0.3606583647959734,low,1.0,0.5521510351697168,medium,1.0,-0.19149267037374335,0.0,1.0
73,Boandlkramer,176,Hahnenkamm-Ehrenbachhöhe,0.09347440279681979,low,1.0,0.022696873156200982,low,1.0,0.07077752964061881,0.07077752964061881,1.0
74,Bruad Henn,214,Söll,0.18929439983250798,low,1.0,0.21908683708787335,low,1.0,-0.029792437255365373,0.0,1.0
75,CapiTalismuskritik - Burgschrofen Kraspestal,KZWO1,Zwölferkogel,0.586280753544987,medium,1.0,0.0,low,1.0,0.586280753544987,0.586280753544987,1.0
76,Catwalk - Hohe Warte,TTUX2,Tuxerjoch Schneestation,0.4639363921005937,medium,1.0,0.1805638057207317,low,1.0,0.28337258637986196,0.28337258637986196,1.0
77,Clean isch tot,HHAH1,Hahnenkamm Windstation,0.0,low,1.0,0.008632597443169604,low,1.0,-0.008632597443169604,0.0,1.0
78,Daily Dose of Luck - Pinnistal,NELF1,Elferspitze Windstation,0.3031932916140954,low,1.0,0.047000461807223025,low,1.0,0.2561928298068724,0.2561928298068724,1.0
79,Das 3. Leben - Groáglockner,KADL1,Kals Adlersruhe (Erzherzog-Johann-Hütte),0.07421035258376966,low,1.0,0.014382537677181416,low,1.0,0.05982781490658825,0.05982781490658825,1.0
80,Das fnfte Element,ISEE1,Hafelekar,0.47181563063113197,medium,1.0,0.0012709098815917974,low,1.0,0.4705447207495402,0.4705447207495402,1.0
81,Das letzte Einhorn,SLBU2,Burgbach Mauchele,0.46139379598733815,medium,1.0,0.18536868450349797,low,1.0,0.2760251114838402,0.2760251114838402,1.0
82,Der Grawa-Gully (Botanikerkamin),NSCH1,Schöckbichl,0.8162639972300961,high,1.0,0.32085516750922793,low,1.0,0.4954088297208682,0.4954088297208682,1.0
84,Der weiáe Hai - Innergschl”á,MIOH2,Hochgasser Schneestation,0.6686789066964914,medium,1.0,0.06633880863129411,low,1.0,0.6023400980651973,0.6023400980651973,1.0
85,Die Kohlebagger von Ltzerath - Maningkogel,KZWO1,Zwölferkogel,0.08471778677505912,low,1.0,0.0,low,1.0,0.08471778677505912,0.08471778677505912,1.0
86,Die Linken Zwerge,NSCH1,Schöckbichl,0.6960500676516205,medium,1.0,0.32085516750922793,low,1.0,0.37519490014239254,0.37519490014239254,1.0
87,Die Uralte,ABRA2,Alpbach Wiedersberger Horn,0.4297044649663646,medium,1.0,0.05194893006372874,low,1.0,0.37775553490263586,0.37775553490263586,1.0
88,D”rnr”schen - Kraspestal,KZWO1,Zwölferkogel,0.5701628637582765,medium,1.0,0.0,low,1.0,0.5701628637582765,0.5701628637582765,1.0
89,Domenicus,NFRA2,Franz-Senn-Hütte Kl Horntal,0.6334708733331511,medium,1.0,0.3292691653546206,low,1.0,0.3042017079785305,0.3042017079785305,1.0
90,Dopey - Grawa Eisgarten,NSCH1,Schöckbichl,0.8240378780752166,high,1.0,0.32085516750922793,low,1.0,0.5031827105659886,0.5031827105659886,1.0
91,Drachenfels Mixedwand Bergisel,39,Innsbruck Universität,0.09981443292474593,low,1.0,0.3083190454229673,low,1.0,-0.20850461249822136,0.0,1.0
92,Drecksau - Defreggental,SVZI2,St Veit Zischke,0.48759916025810723,medium,1.0,0.21899629525983272,low,1.0,0.2686028649982745,0.2686028649982745,1.0
93,Easy Afternoon - Lsens,NFRA2,Franz-Senn-Hütte Kl Horntal,0.6275605156267798,medium,1.0,0.3292691653546206,low,1.0,0.29829135027215925,0.29829135027215925,1.0
94,Easy Day,NFRA2,Franz-Senn-Hütte Kl Horntal,0.6391131597436859,medium,1.0,0.3292691653546206,low,1.0,0.3098439943890653,0.3098439943890653,1.0
95,Eibergfall,142,Kufstein,0.10217812739222609,low,1.0,0.3800349352172522,low,1.0,-0.2778568078250261,0.0,1.0
96,Eintagsfliege,SLBU2,Burgbach Mauchele,0.38971837496277534,low,1.0,0.18536868450349797,low,1.0,0.20434969045927737,0.20434969045927737,1.0
97,Eisarena Brunnalm,185,St.Jakob im Defereggental,0.44187401861301534,medium,1.0,0.5655825900352717,medium,1.0,-0.12370857142225633,0.0,1.0
98,Eisarena Umbaltal - Sektor Flying Dutchman,PESE1,Kreuzspitze,0.7382899444763348,high,1.0,0.0,low,1.0,0.7382899444763348,0.7382899444763348,1.0
99,Eisarena Umbaltal - Sektor Rockmaster,PESE1,Kreuzspitze,0.7382899444763348,high,1.0,0.0,low,1.0,0.7382899444763348,0.7382899444763348,1.0
100,Eisarena Umbaltal - Sektor Umbaltaler,PESE1,Kreuzspitze,0.7382899444763348,high,1.0,0.0,low,1.0,0.7382899444763348,0.7382899444763348,1.0
102,Eiswelt Taschachschlucht Pitztal,SLRI2,Rifflsee Talstation Grubenkopf,0.773668451781841,high,1.0,0.3447794890312773,low,1.0,0.42888896275056365,0.42888896275056365,1.0
103,Eremit - Amphitheater Pinnisalm,GGAL2,Gallreideschrofen,0.6278706122826082,medium,1.0,0.1999497409983798,low,1.0,0.4279208712842284,0.4279208712842284,1.0
104,Ethik-G„rtner - Lsens,NFRA2,Franz-Senn-Hütte Kl Horntal,0.5974364413081868,medium,1.0,0.3292691653546206,low,1.0,0.26816727595356626,0.26816727595356626,1.0
105,Fear Control - Schwarze Wand,GGAL2,Gallreideschrofen,0.6032236173688328,medium,1.0,0.1999497409983798,low,1.0,0.403273876370453,0.403273876370453,1.0
106,Fear of the dark - Zw”lferkogel Nordwand,KZWO1,Zwölferkogel,0.2196098547893603,low,1.0,0.0,low,1.0,0.2196098547893603,0.2196098547893603,1.0
107,Fineilspitze Nordwand,SKRE1,Sölden Kreuzspitze,0.029620204254486544,low,1.0,0.0,low,1.0,0.029620204254486544,0.029620204254486544,1.0
108,Firndreieck - Groáer M”seler,TTUX1,Tuxerjoch Windstation,0.07981929983427356,low,1.0,0.1564775436244587,low,1.0,-0.07665824379018514,0.0,1.0
109,First Base,61,Mayrhofen,0.6581147945337813,medium,1.0,0.6717909099782085,medium,1.0,-0.01367611544442715,0.0,1.0
110,Fluchtkogel Nordwestwand,KWEL2,Weisssee LWD,0.1550662127673234,low,1.0,0.47967521786312384,medium,1.0,-0.32460900509580043,0.0,1.0
111,Friends of moss - Zw”lferkogel Nordwand,KZWO1,Zwölferkogel,0.08332066473525991,low,1.0,0.0,low,1.0,0.08332066473525991,0.08332066473525991,1.0
112,Frosnitzfall,MIOG2,Goldried Kessel,0.6609493090341214,medium,1.0,0.19520795723067666,low,1.0,0.4657413518034448,0.4657413518034448,1.0
113,Frostk”nig - Kraspestal Burgschrofen,KZWO1,Zwölferkogel,0.5726022083393815,medium,1.0,0.0,low,1.0,0.5726022083393815,0.5726022083393815,1.0
114,Gaia - Seebenw„nde,20,Ehrwald,0.4716866246505954,medium,1.0,0.3255562853172739,low,1.0,0.14613033933332154,0.14613033933332154,1.0
115,Gaisalmfall - Achensee,151,Achenkirch,0.4487140848179065,medium,1.0,0.5391394923698668,medium,1.0,-0.09042540755196032,0.0,1.0
116,Gamsleichfall,KUET1,Kühtai Hochalter,0.4747622370461406,medium,1.0,0.0,low,1.0,0.4747622370461406,0.4747622370461406,1.0
117,Ganot Nordwandrinne,43,Kals,0.34555854249563794,low,1.0,0.510140298707198,medium,1.0,-0.16458175621156007,0.0,1.0
118,Gelber Fluss - Kaunertal,KAUN1,Roter Schrofen,0.665463527338618,medium,1.0,0.010580979040831133,low,1.0,0.6548825482977869,0.6548825482977869,1.0
119,Gernkopf Eisf„lle,KGRI2,Griesneralm LWD,0.21670711264478731,low,1.0,0.5647208207886454,medium,1.0,-0.34801370814385807,0.0,1.0
120,Gorillas im Nebel - Patsch Sd,185,St.Jakob im Defereggental,0.3246535117395514,low,1.0,0.5655825900352717,medium,1.0,-0.24092907829572024,0.0,1.0
121,Grawa Eisfall Stubaital,NSCH1,Schöckbichl,0.8244097510760288,high,1.0,0.32085516750922793,low,1.0,0.5035545835668008,0.5035545835668008,1.0
123,Groáer L”ffler Nordostwand,61,Mayrhofen,0.1491732043998954,low,1.0,0.6717909099782085,medium,1.0,-0.522617705578313,0.0,1.0
124,Groáglockner Sdostgrat,KADL1,Kals Adlersruhe (Erzherzog-Johann-Hütte),0.10781532132602545,low,1.0,0.014382537677181416,low,1.0,0.09343278364884403,0.09343278364884403,1.0
125,Groávenediger SW - Wand,PESE1,Kreuzspitze,0.06424850166990753,low,1.0,0.0,low,1.0,0.06424850166990753,0.06424850166990753,1.0
126,Grnkar Eisfall,61,Mayrhofen,0.6834316815995922,medium,1.0,0.6717909099782085,medium,1.0,0.011640771621383772,0.011640771621383772,1.0
127,Gruá in den Himmel - Schwarze Wand Nordostwand,PESE1,Kreuzspitze,0.17968397178801523,low,1.0,0.0,low,1.0,0.17968397178801523,0.17968397178801523,1.0
128,Gully - Lsens,NFRA2,Franz-Senn-Hütte Kl Horntal,0.6203726006388667,medium,1.0,0.3292691653546206,low,1.0,0.2911034352842461,0.2911034352842461,1.0
129,Gully,NELF1,Elferspitze Windstation,0.7124073580518655,high,1.0,0.047000461807223025,low,1.0,0.6654068962446424,0.6654068962446424,1.0
130,Habicht Nordostwand,NELF2,Elferspitze Schneestation,0.19395048495714243,low,1.0,0.2728686373621702,low,1.0,-0.07891815240502778,0.0,1.0
131,H„ngende G„rten - Lsens,NFRA2,Franz-Senn-Hütte Kl Horntal,0.5974364413081868,medium,1.0,0.3292691653546206,low,1.0,0.26816727595356626,0.26816727595356626,1.0
132,Hallensteinfall,139,Steinach am Brenner,0.571798170858503,medium,1.0,0.5651719930974886,medium,1.0,0.0066261777610144845,0.0066261777610144845,1.0
133,Harvest & Phreak,SLBU2,Burgbach Mauchele,0.6267856647416978,medium,1.0,0.18536868450349797,low,1.0,0.44141698023819986,0.44141698023819986,1.0
134,Hauserrinne,178,Hochfilzen,0.17889879025170047,low,1.0,0.22865734938284005,low,1.0,-0.04975855913113958,0.0,1.0
136,Himmelsleiter,TTUX1,Tuxerjoch Windstation,0.013038985009727791,low,1.0,0.1564775436244587,low,1.0,-0.14343855861473093,0.0,1.0
137,Hintere Schw„rze Nordwand,SKRE1,Sölden Kreuzspitze,0.0722234571502462,low,1.0,0.0,low,1.0,0.0722234571502462,0.0722234571502462,1.0
138,Hinterer Spiegelkogel Nordflanke,SSON1,Zirmkogel Windstation,0.07209476520203953,low,1.0,0.002984642623007619,low,1.0,0.06911012257903192,0.06911012257903192,1.0
139,Hochfeiler Nordwand,TTUX1,Tuxerjoch Windstation,0.07210918815993062,low,1.0,0.1564775436244587,low,1.0,-0.08436835546452809,0.0,1.0
141,Hohe Kirche Nordverschneidung,TTUX2,Tuxerjoch Schneestation,0.32467405736152233,low,1.0,0.1805638057207317,low,1.0,0.14411025164079064,0.14411025164079064,1.0
142,Hoher First Nordwestflanke,SFES1,Festkogel,0.4565067731081855,medium,1.0,0.07616630267820987,low,1.0,0.38034047042997565,0.38034047042997565,1.0
143,Homozack,MIOH2,Hochgasser Schneestation,0.6707730898265424,medium,1.0,0.06633880863129411,low,1.0,0.6044342811952482,0.6044342811952482,1.0
144,Hookuspokus - Kraspestal,KZWO1,Zwölferkogel,0.5701628637582765,medium,1.0,0.0,low,1.0,0.5701628637582765,0.5701628637582765,1.0
145,Ice patrol - Stinkerf„lle,20,Ehrwald,0.26695631057956254,low,1.0,0.3255562853172739,low,1.0,-0.058599974737711336,0.0,1.0
146,Iceman - Pinnistal,GGAL2,Gallreideschrofen,0.6217664471353426,medium,1.0,0.1999497409983798,low,1.0,0.42181670613696276,0.42181670613696276,1.0
147,Innenbanane - Groáglockner,KADL1,Kals Adlersruhe (Erzherzog-Johann-Hütte),0.12696036977718758,low,1.0,0.014382537677181416,low,1.0,0.11257783210000616,0.11257783210000616,1.0
148,Institutionalized 2023 - Axamer Lizum,AXLIZ1,Speicherteich Axamer Lizum,0.3351835425178578,low,1.0,0.1778766977193102,low,1.0,0.15730684479854762,0.15730684479854762,1.0
150,King Kong,SDAW2,Dawinalpe,0.4570672907970163,medium,1.0,0.3048156168474781,low,1.0,0.1522516739495382,0.1522516739495382,1.0
151,Kitzm”rderfall,SLBU2,Burgbach Mauchele,0.40733548068891723,medium,1.0,0.18536868450349797,low,1.0,0.22196679618541926,0.22196679618541926,1.0
152,Klettergarten Gully - Oberried,136,Umhausen,0.47084203241696765,medium,1.0,0.32202879033410065,low,1.0,0.148813242082867,0.148813242082867,1.0
153,Salto Kamin- Laserz Nordwand,55,Lienz,0.40967409407131944,medium,1.0,0.3125258736803663,low,1.0,0.09714822039095317,0.09714822039095317,1.0
154,Kraftwerksfall,NFRA2,Franz-Senn-Hütte Kl Horntal,0.648459812760935,medium,1.0,0.3292691653546206,low,1.0,0.3191906474063144,0.3191906474063144,1.0
155,Kronleuchter,SDAW2,Dawinalpe,0.4570672907970163,medium,1.0,0.3048156168474781,low,1.0,0.1522516739495382,0.1522516739495382,1.0
156,Khtaibacherl - Eisfall,126,Haiming,0.4265783333408016,medium,1.0,0.5521510351697168,medium,1.0,-0.12557270182891517,0.0,1.0
157,L„mperJack - Laserz Nordwand L„mperschoá,55,Lienz,0.40967409407131944,medium,1.0,0.3125258736803663,low,1.0,0.09714822039095317,0.09714822039095317,1.0
158,Last Exit 4146 - Muttenkopf,GGAL2,Gallreideschrofen,0.20243158538432993,low,1.0,0.1999497409983798,low,1.0,0.002481844385950116,0.002481844385950116,1.0
159,Lasur d`amour - Pinnistal,GGAL2,Gallreideschrofen,0.6478290580199616,medium,1.0,0.1999497409983798,low,1.0,0.4478793170215818,0.4478793170215818,1.0
160,Lavantner Kolmfall,55,Lienz,0.2386978428466318,low,1.0,0.3125258736803663,low,1.0,-0.07382803083373446,0.0,1.0
161,Lawinenexpress - Pitztal,210,St.Leonhard im Pitztal,0.6628114454479197,medium,1.0,0.9148389355761122,high,1.0,-0.2520274901281925,0.0,1.0
162,Limited in Freedom - Sagwand,TTUX2,Tuxerjoch Schneestation,0.5951908446679933,medium,1.0,0.1805638057207317,low,1.0,0.4146270389472616,0.4146270389472616,1.0
163,Linker K”pflalmfall,61,Mayrhofen,0.7348150611530078,high,1.0,0.6717909099782085,medium,1.0,0.06302415117479931,0.06302415117479931,1.0
164,Linker Kraftwerksfall,NFRA2,Franz-Senn-Hütte Kl Horntal,0.5644557446219134,medium,1.0,0.3292691653546206,low,1.0,0.2351865792672928,0.2351865792672928,1.0
165,Linker Westwandfall - Kleiner Magner,47,Krimml,0.4891591539936119,medium,1.0,0.3328853353109522,low,0.95,0.15627381868265966,0.15627381868265966,0.95
166,Linker Zwingenfall,NFRA2,Franz-Senn-Hütte Kl Horntal,0.6696394586556722,medium,1.0,0.3292691653546206,low,1.0,0.3403702933010516,0.3403702933010516,1.0
167,Little Joys For Bigger Happiness,TTUX1,Tuxerjoch Windstation,0.08771883658715791,low,1.0,0.1564775436244587,low,1.0,-0.06875870703730079,0.0,1.0
168,Lost in Pollywood - Ralfkopf,43,Kals,0.4407415848438297,medium,1.0,0.510140298707198,medium,1.0,-0.06939871386336832,0.0,1.0
169,Lsener Fernerkogel Nordwand,NFRA1,Franz-Senn-Hütte Horntaler Spitzl,0.2554772440452032,low,1.0,0.10716438300145882,low,1.0,0.14831286104374442,0.14831286104374442,1.0
170,Luibisbodenfall - Eisprinzessinen Pitztal,210,St.Leonhard im Pitztal,0.7783535006475302,high,1.0,0.9148389355761122,high,1.0,-0.136485434928582,0.0,1.0
171,Mac Mapi - Krinnenspitze,TODO2,Krinnenspitze,0.00475115854243575,low,1.0,0.0,low,1.0,0.00475115854243575,0.00475115854243575,1.0
172,M„nner im Rcken,NELF1,Elferspitze Windstation,0.7121745982350952,high,1.0,0.047000461807223025,low,1.0,0.6651741364278722,0.6651741364278722,1.0
173,M„nner mit Moral - Pinnisalm,NELF1,Elferspitze Windstation,0.5977421875857241,medium,1.0,0.047000461807223025,low,1.0,0.550741725778501,0.550741725778501,1.0
174,Marchlehnfall,SLRI2,Rifflsee Talstation Grubenkopf,0.5562531823723966,medium,1.0,0.3447794890312773,low,1.0,0.21147369334111932,0.21147369334111932,1.0
175,Mariafall - Achensee,151,Achenkirch,0.34688855629125687,low,1.0,0.5391394923698668,medium,1.0,-0.19225093607860994,0.0,1.0
176,Mc Drive Eisfall,42,Jenbach,0.24245216104767903,low,1.0,0.5089331684129713,medium,1.0,-0.2664810073652923,0.0,1.0
177,Mitterndorfer Eisfall Kufstein,142,Kufstein,0.3135702886906342,low,1.0,0.3800349352172522,low,1.0,-0.06646464652661799,0.0,1.0
178,Moonwalk - Hohe Warte,TTUX2,Tuxerjoch Schneestation,0.6604737470454274,medium,1.0,0.1805638057207317,low,1.0,0.47990994132469567,0.47990994132469567,1.0
179,Multiple joys,SLBU2,Burgbach Mauchele,0.46139379598733815,medium,1.0,0.18536868450349797,low,1.0,0.2760251114838402,0.2760251114838402,1.0
180,Mutmalspitze Nordwand,SKRE1,Sölden Kreuzspitze,0.05836107938273016,low,1.0,0.0,low,1.0,0.05836107938273016,0.05836107938273016,1.0
181,Nameless - Neurur,210,St.Leonhard im Pitztal,0.6419482230308307,medium,1.0,0.9148389355761122,high,1.0,-0.2728907125452815,0.0,1.0
182,Irzweg - Irzw„nde,KUET1,Kühtai Hochalter,0.051901086857994584,low,1.0,0.0,low,1.0,0.051901086857994584,0.051901086857994584,1.0
183,Notwegfall,184,Pitztaler Gletscher,0.6674651462374621,medium,1.0,0.2618543732315891,low,1.0,0.405610773005873,0.405610773005873,1.0
184,Oberer Grawa Eisfall Stubaital,NSCH1,Schöckbichl,0.724226843343758,high,1.0,0.32085516750922793,low,1.0,0.40337167583453004,0.40337167583453004,1.0
185,Obstanser Wasserfall - Obstanser Eisfall,130,Sillian,0.5780724559819619,medium,1.0,0.5763417471871922,medium,1.0,0.0017307087947696642,0.0017307087947696642,1.0
186,Eispark Osttirol,MIOH2,Hochgasser Schneestation,0.7978969827696881,high,1.0,0.06633880863129411,low,1.0,0.731558174138394,0.731558174138394,1.0
187,Ostwand Couloir - Lsener Fernerkogel,NFRA2,Franz-Senn-Hütte Kl Horntal,0.617300355287275,medium,1.0,0.3292691653546206,low,1.0,0.2880311899326544,0.2880311899326544,1.0
188,Paracelsus,NFRA2,Franz-Senn-Hütte Kl Horntal,0.6391131597436859,medium,1.0,0.3292691653546206,low,1.0,0.3098439943890653,0.3098439943890653,1.0
189,Pechtl Arena & Zapfen,KGRI2,Griesneralm LWD,0.30065697771363953,low,1.0,0.5647208207886454,medium,1.0,-0.26406384307500586,0.0,1.0
190,Pechtl Gully - Erpfendorf,KGRI2,Griesneralm LWD,0.34924917231583896,low,1.0,0.5647208207886454,medium,1.0,-0.21547164847280642,0.0,1.0
191,Pendling Eisfall,142,Kufstein,0.05884290519381632,low,1.0,0.3800349352172522,low,1.0,-0.3211920300234359,0.0,1.0
192,Petit Hiking - Groáglockner,KADL1,Kals Adlersruhe (Erzherzog-Johann-Hütte),0.13067035835370383,low,1.0,0.014382537677181416,low,1.0,0.11628782067652241,0.11628782067652241,1.0
193,Pick`n Weed - Maningkogl Nordwand,KZWO1,Zwölferkogel,0.07321693338088282,low,1.0,0.0,low,1.0,0.07321693338088282,0.07321693338088282,1.0
194,Pinzgeralm Eisfall,KGRI2,Griesneralm LWD,0.5748820274183777,medium,1.0,0.5647208207886454,medium,1.0,0.0101612066297323,0.0101612066297323,1.0
195,Pitztaler Eisexpress,184,Pitztaler Gletscher,0.018496322157818865,low,1.0,0.2618543732315891,low,1.0,-0.24335805107377023,0.0,1.0
196,Gallyer - Pitztaler Eisrinne,SLRI2,Rifflsee Talstation Grubenkopf,0.4947123209169053,medium,1.0,0.3447794890312773,low,1.0,0.149932831885628,0.149932831885628,1.0
197,"Plan B, Zw”lferkogel Nordwand",KZWO1,Zwölferkogel,0.10103790525352556,low,1.0,0.0,low,1.0,0.10103790525352556,0.10103790525352556,1.0
198,Plattkogel Eisfall,KZWO1,Zwölferkogel,0.3852891724726855,low,1.0,0.0,low,1.0,0.3852891724726855,0.3852891724726855,1.0
199,Point 2598 Diagonale,KZWO1,Zwölferkogel,0.4071452806485078,medium,1.0,0.0,low,1.0,0.4071452806485078,0.4071452806485078,1.0
200,Rabenwand Eisfall,TTUX2,Tuxerjoch Schneestation,0.5106975993942222,medium,1.0,0.1805638057207317,low,1.0,0.3301337936734905,0.3301337936734905,1.0
201,Ramolkogel Nordwand,SSON1,Zirmkogel Windstation,0.04955580411523006,low,1.0,0.002984642623007619,low,1.0,0.046571161492222436,0.046571161492222436,1.0
202,Rechte Nordwestwand - Schrammacher,16,Brenner,0.7759988286587807,high,1.0,0.43532038109841964,medium,1.0,0.34067844756036103,0.34067844756036103,1.0
203,Rechter Flittneralm Eisfall,TTUX2,Tuxerjoch Schneestation,0.7294402010939118,high,1.0,0.1805638057207317,low,1.0,0.5488763953731801,0.5488763953731801,1.0
204,Rechter und linker Rauchenbichlfall,SLBU2,Burgbach Mauchele,0.38971837496277534,low,1.0,0.18536868450349797,low,1.0,0.20434969045927737,0.20434969045927737,1.0
205,Rechter Westwandfall - Kleiner Magner,47,Krimml,0.4591866839335541,medium,1.0,0.3328853353109522,low,0.95,0.1263013486226019,0.1263013486226019,0.95
206,Reislehn Eisfall,SLRI2,Rifflsee Talstation Grubenkopf,0.45448608693242487,medium,1.0,0.3447794890312773,low,1.0,0.10970659790114756,0.10970659790114756,1.0
207,Rocket Rustical - Teischnitztal,KADL1,Kals Adlersruhe (Erzherzog-Johann-Hütte),0.2604323204728367,low,1.0,0.014382537677181416,low,1.0,0.2460497827956553,0.2460497827956553,1.0
208,R”tenspitze Nordwand,SKRE1,Sölden Kreuzspitze,0.04274979212058975,low,1.0,0.0,low,1.0,0.04274979212058975,0.04274979212058975,1.0
209,Rofelewand Nordwand - Nordwandballett,SLSE1,Seirlöcher Kogel,0.18844447074311543,low,1.0,0.2435852029337045,low,1.0,-0.05514073219058907,0.0,1.0
210,Rolle Eisfall - Zillertal,61,Mayrhofen,0.6739361028991131,medium,1.0,0.6717909099782085,medium,1.0,0.0021451929209046483,0.0021451929209046483,1.0
212,Rumpelstilzchen - Burgschrofen Kraspestal,KZWO1,Zwölferkogel,0.5817776111101216,medium,1.0,0.0,low,1.0,0.5817776111101216,0.5817776111101216,1.0
213,Russisches Roulette - Kristallwand Nordostwand,PESE1,Kreuzspitze,0.48646957293484283,medium,1.0,0.0,low,1.0,0.48646957293484283,0.48646957293484283,1.0
214,S„gebach Eisf„lle,130,Sillian,0.44153911158356596,medium,1.0,0.5763417471871922,medium,1.0,-0.13480263560362626,0.0,1.0
215,Sagf„lle,127,Rinn,0.5673165142939581,medium,1.0,0.2436042407873158,low,1.0,0.32371227350664233,0.32371227350664233,1.0
216,Sagwandspitze - Mittelpfeiler-Couloir,TTUX2,Tuxerjoch Schneestation,0.6562746845452538,medium,1.0,0.1805638057207317,low,1.0,0.4757108788245221,0.4757108788245221,1.0
217,Sagzahnverschneidung - Sagwand,TTUX2,Tuxerjoch Schneestation,0.5672809700349921,medium,1.0,0.1805638057207317,low,1.0,0.3867171643142604,0.3867171643142604,1.0
218,Schall und Rauch - Kraspestal,KZWO1,Zwölferkogel,0.5817776111101216,medium,1.0,0.0,low,1.0,0.5817776111101216,0.5817776111101216,1.0
219,Schattseitfall,61,Mayrhofen,0.5569903910660807,medium,1.0,0.6717909099782085,medium,1.0,-0.11480051891212772,0.0,1.0
220,Scheisskluppenfall,SSLA2,Lampsenspitze Schneestation,0.41548368809812153,medium,1.0,0.2919294730168317,low,1.0,0.12355421508128983,0.12355421508128983,1.0
221,Schildalm Eisfall,MIOH2,Hochgasser Schneestation,0.7588456468531717,high,1.0,0.06633880863129411,low,1.0,0.6925068382218775,0.6925068382218775,1.0
222,Schitter Eisfall - Neustift Stubaital,NELF2,Elferspitze Schneestation,0.3724177824361045,low,1.0,0.2728686373621702,low,1.0,0.09954914507393431,0.09954914507393431,1.0
223,Schleicherlaufen,NFRA2,Franz-Senn-Hütte Kl Horntal,0.6260953785714506,medium,1.0,0.3292691653546206,low,1.0,0.29682621321683,0.29682621321683,1.0
224,Schneelehnfall,SLRI2,Rifflsee Talstation Grubenkopf,0.6643257021020519,medium,1.0,0.3447794890312773,low,1.0,0.3195462130707746,0.3195462130707746,1.0
225,Schneewittchen,NSCH1,Schöckbichl,0.8054490800004255,high,1.0,0.32085516750922793,low,1.0,0.48459391249119754,0.48459391249119754,1.0
227,Schrammacher Diagonale,TTUX2,Tuxerjoch Schneestation,0.6287669466115965,medium,1.0,0.1805638057207317,low,1.0,0.44820314089086477,0.44820314089086477,1.0
228,Schrammacher Nordwand Direttissima,TTUX1,Tuxerjoch Windstation,0.125671488959381,low,1.0,0.1564775436244587,low,1.0,-0.030806054665077715,0.0,1.0
229,Schrankogel Nordost-Flanke,NNOW1,Nockwand Wind,0.00535901937628199,low,1.0,0.023803788811848123,low,1.0,-0.01844476943556613,0.0,1.0
230,Schwarze Wand Nordostwand Eisschlucht,PESE1,Kreuzspitze,0.19655497180005108,low,1.0,0.0,low,1.0,0.19655497180005108,0.19655497180005108,1.0
231,Schwarze Witwe,TTUX2,Tuxerjoch Schneestation,0.49050219933440387,medium,1.0,0.1805638057207317,low,1.0,0.30993839361367215,0.30993839361367215,1.0
232,Schwerer als ein lockerer Arch - Beilfall Groáen Tr”gler,NSGE2,Eissee,0.5059643869025635,medium,1.0,0.3756336558926483,low,1.0,0.1303307310099152,0.1303307310099152,1.0
233,Seebenseefall,20,Ehrwald,0.4578187050675778,medium,1.0,0.3255562853172739,low,1.0,0.13226241975030395,0.13226241975030395,1.0
234,Seirl”cherkogel Eisfall - Pitztal,210,St.Leonhard im Pitztal,0.722487131512116,high,1.0,0.9148389355761122,high,1.0,-0.1923518040639962,0.0,1.0
235,Seirl”cherkogelfall,210,St.Leonhard im Pitztal,0.5745609034314291,medium,1.0,0.9148389355761122,high,1.0,-0.3402780321446831,0.0,1.0
236,Serfauserfeld Eisfall,138,Prutz,0.30177528251931524,low,1.0,0.6353802070431848,medium,1.0,-0.33360492452386953,0.0,1.0
237,Shameless - Neurur,210,St.Leonhard im Pitztal,0.6419482230308307,medium,1.0,0.9148389355761122,high,1.0,-0.2728907125452815,0.0,1.0
238,Similaun Nordwand,SKRE1,Sölden Kreuzspitze,0.08873265108190549,low,1.0,0.0,low,1.0,0.08873265108190549,0.08873265108190549,1.0
239,Sintflut - Niederer Prijakt Nordwand,MIOG1,Bunköpfl,0.1894383998143976,low,1.0,0.04870709645970367,low,1.0,0.14073130335469394,0.14073130335469394,1.0
240,Sonnenk”nig - Patsch Sd,185,St.Jakob im Defereggental,0.2933367817078443,low,1.0,0.5655825900352717,medium,1.0,-0.2722458083274274,0.0,1.0
241,Spannagel Gully,TTUX1,Tuxerjoch Windstation,0.3336787346509268,low,1.0,0.1564775436244587,low,1.0,0.17720119102646809,0.17720119102646809,1.0
242,Spinnenbein,KAUN1,Roter Schrofen,0.5510913867693267,medium,1.0,0.010580979040831133,low,1.0,0.5405104077284956,0.5405104077284956,1.0
243,Stalingrad - Grubenkarspitze,ISEE1,Hafelekar,0.5177881141071061,medium,1.0,0.0012709098815917974,low,1.0,0.5165172042255143,0.5165172042255143,1.0
244,Stalingrad - Haidachstellwand NO-Wand,EERF2,Erfurter Hütte,0.2442950725027812,low,1.0,0.10905148814120277,low,1.0,0.13524358436157843,0.13524358436157843,1.0
245,Steinwandfall,MIOH2,Hochgasser Schneestation,0.66706109842863,medium,1.0,0.06633880863129411,low,1.0,0.6007222897973359,0.6007222897973359,1.0
246,Stirb langsam - Seebenw„nde,20,Ehrwald,0.4716866246505954,medium,1.0,0.3255562853172739,low,1.0,0.14613033933332154,0.14613033933332154,1.0
247,Strublb„da - Kraspestal,KZWO1,Zwölferkogel,0.5701628637582765,medium,1.0,0.0,low,1.0,0.5701628637582765,0.5701628637582765,1.0
248,Bachfalle,210,St.Leonhard im Pitztal,0.633266060157412,medium,1.0,0.9148389355761122,high,1.0,-0.28157287541870013,0.0,1.0
250,Sulzenauer Eisfall,NSCH1,Schöckbichl,0.7097940817196782,high,1.0,0.32085516750922793,low,1.0,0.38893891421045024,0.38893891421045024,1.0
251,Sunblocker 2,16,Brenner,0.7240703285550805,high,1.0,0.43532038109841964,medium,1.0,0.2887499474566608,0.2887499474566608,1.0
252,Sunblocker,16,Brenner,0.7165300783132967,high,1.0,0.43532038109841964,medium,1.0,0.2812096972148771,0.2812096972148771,1.0
253,Sunday Explorer,SLRI2,Rifflsee Talstation Grubenkopf,0.45603901912771405,medium,1.0,0.3447794890312773,low,1.0,0.11125953009643674,0.11125953009643674,1.0
254,Sundays for future - Gl”dis,MIOG1,Bunköpfl,0.019592072538509718,low,1.0,0.04870709645970367,low,1.0,-0.02911502392119395,0.0,1.0
255,Tabernakel - Laserz Nordwand,55,Lienz,0.40967409407131944,medium,1.0,0.3125258736803663,low,1.0,0.09714822039095317,0.09714822039095317,1.0
256,Taschach-Eiswand,184,Pitztaler Gletscher,0.49861027500338084,medium,1.0,0.2618543732315891,low,1.0,0.23675590177179173,0.23675590177179173,1.0
257,Terra Promessa - Laserz Nordwand,55,Lienz,0.40967409407131944,medium,1.0,0.3125258736803663,low,1.0,0.09714822039095317,0.09714822039095317,1.0
258,Teufelskralle,KAUN1,Roter Schrofen,0.5263067153212081,medium,1.0,0.010580979040831133,low,1.0,0.515725736280377,0.515725736280377,1.0
259,The Big Corner - Sulzkogel Westschulter,KZWO1,Zwölferkogel,0.16882349726493104,low,1.0,0.0,low,1.0,0.16882349726493104,0.16882349726493104,1.0
260,The Great Roof,SLBU2,Burgbach Mauchele,0.6800124942552302,medium,1.0,0.18536868450349797,low,1.0,0.4946438097517323,0.4946438097517323,1.0
261,The Icefactor - Westlicher Geierkopf Nordwand,76,Reutte,0.12804321593369822,low,1.0,0.32457125483605964,low,1.0,-0.19652803890236142,0.0,1.0
262,The Wind Corner,KAUN1,Roter Schrofen,0.5075966756277176,medium,1.0,0.010580979040831133,low,1.0,0.4970156965868865,0.4970156965868865,1.0
263,Thriller - Hohe Warte,TTUX2,Tuxerjoch Schneestation,0.5400250753026926,medium,1.0,0.1805638057207317,low,1.0,0.3594612695819609,0.3594612695819609,1.0
264,Tr„nen der Sehnsucht,SLRI2,Rifflsee Talstation Grubenkopf,0.4712587992215005,medium,1.0,0.3447794890312773,low,1.0,0.12647931019022318,0.12647931019022318,1.0
265,Tristenkopf - Nordrinne,AKLE1,Saupanzen,0.001342948150634768,low,1.0,0.021258107930444088,low,1.0,-0.01991515977980932,0.0,1.0
266,"Urfall direct ""Eierpecker""",NSCH1,Schöckbichl,0.7159735381515192,high,1.0,0.32085516750922793,low,1.0,0.3951183706422913,0.3951183706422913,1.0
267,Urfall,NSCH1,Schöckbichl,0.7294067117976972,high,1.0,0.32085516750922793,low,1.0,0.4085515442884693,0.4085515442884693,1.0
268,Via Margit,61,Mayrhofen,0.562061128351377,medium,1.0,0.6717909099782085,medium,1.0,-0.10972978162683145,0.0,1.0
269,Victimes des ‚tique(ttes) - Lsens,NFRA2,Franz-Senn-Hütte Kl Horntal,0.5974364413081868,medium,1.0,0.3292691653546206,low,1.0,0.26816727595356626,0.26816727595356626,1.0
270,Vordere Reiselehn Eisfall,SLRI2,Rifflsee Talstation Grubenkopf,0.47493715018015137,medium,1.0,0.3447794890312773,low,1.0,0.13015766114887406,0.13015766114887406,1.0
271,Vorderer Brunnenkogel Nordwand,LBRE2,Breiter Grieskogel Schneestation,0.6473586342435733,medium,1.0,0.331895534416485,low,1.0,0.3154630998270883,0.3154630998270883,1.0
272,Vorderer Brunnenkogel Nordwestpfeiler,NFRA1,Franz-Senn-Hütte Horntaler Spitzl,0.302392936475537,low,1.0,0.10716438300145882,low,1.0,0.1952285534740782,0.1952285534740782,1.0
273,Vorhang Pinnistal,GGAL2,Gallreideschrofen,0.6050086815916919,medium,1.0,0.1999497409983798,low,1.0,0.40505894059331204,0.40505894059331204,1.0
274,Walk the Line - Zw”lferkogel Nordwestwand,KZWO1,Zwölferkogel,0.1567569206717108,low,1.0,0.0,low,1.0,0.1567569206717108,0.1567569206717108,1.0
275,Warnschuss,TODO,Krinnenalpe Schneestation,0.3792301239225805,low,1.0,0.1655159632486206,low,1.0,0.21371416067395987,0.21371416067395987,1.0
276,Wasserfall - Nasse Wand,ABRA2,Alpbach Wiedersberger Horn,0.4468463637619683,medium,1.0,0.05194893006372874,low,1.0,0.39489743369823954,0.39489743369823954,1.0
277,Wechnerwand Nordwand - Plan W,KZWO1,Zwölferkogel,0.18463052829193533,low,1.0,0.0,low,1.0,0.18463052829193533,0.18463052829193533,1.0
278,Weiábachgraben Eisf„lle,129,Lofer Ort,0.3488135560105041,low,1.0,0.43214841740809207,medium,0.95,-0.08333486139758794,0.0,0.95
280,Weiáseespitze Nordwand,KWEL2,Weisssee LWD,0.07245672652708965,low,1.0,0.47967521786312384,medium,1.0,-0.40721849133603416,0.0,1.0
282,Westl. Marzell Spitze Nordwestwand,SKRE1,Sölden Kreuzspitze,0.1484889533826152,low,1.0,0.0,low,1.0,0.1484889533826152,0.1484889533826152,1.0
283,Westwandrinne,TTUX1,Tuxerjoch Windstation,0.005092002266077078,low,1.0,0.1564775436244587,low,1.0,-0.15138554135838161,0.0,1.0
284,White gold - Gl”dis,MIOG1,Bunköpfl,0.019592072538509718,low,1.0,0.04870709645970367,low,1.0,-0.02911502392119395,0.0,1.0
286,Wildspitze Nordwand,184,Pitztaler Gletscher,0.0014256222972119966,low,1.0,0.2618543732315891,low,1.0,-0.2604287509343771,0.0,1.0
287,Wildspitze Nordwestgrat,184,Pitztaler Gletscher,0.09399455136482061,low,1.0,0.2618543732315891,low,1.0,-0.1678598218667685,0.0,1.0
288,Wildspitze Sdcouloir,SVVO2,Vorderegg,0.222331594471273,low,1.0,0.4844741025340932,medium,1.0,-0.2621425080628202,0.0,1.0
289,Wind of Change - Zw”lferkogel Nordwand,KZWO1,Zwölferkogel,0.10103790525352556,low,1.0,0.0,low,1.0,0.10103790525352556,0.10103790525352556,1.0
290,Winter-Variante am Fuástein,TTUX1,Tuxerjoch Windstation,0.3310849816223553,low,1.0,0.1564775436244587,low,1.0,0.17460743799789658,0.17460743799789658,1.0
291,Wde Henn,214,Söll,0.11394896669360632,low,1.0,0.21908683708787335,low,1.0,-0.10513787039426703,0.0,1.0
292,Wunschkonzert - Rosshag Eisfall,TWAN2,Wandspitze Schneestation,0.651936604175206,medium,1.0,0.134188168300693,low,1.0,0.517748435874513,0.517748435874513,1.0
293,Xice - Niederer Prijakt Westwand,MIOG1,Bunköpfl,0.061166763759810894,low,1.0,0.04870709645970367,low,1.0,0.012459667300107224,0.012459667300107224,1.0
294,Zedlacher Eisfall - Tauerntal,MIOG2,Goldried Kessel,0.47120965709023577,medium,1.0,0.19520795723067666,low,1.0,0.27600169985955914,0.27600169985955914,1.0
295,Zemmschlucht Eisfall,61,Mayrhofen,0.5744545263004157,medium,1.0,0.6717909099782085,medium,1.0,-0.09733638367779274,0.0,1.0
296,Zemmschlucht Eisschild,61,Mayrhofen,0.5922709460029364,medium,1.0,0.6717909099782085,medium,1.0,-0.07951996397527206,0.0,1.0
297,Zuckerhtl Nordwand,NSGS1,Schaufeljoch,0.000672305009047125,low,1.0,0.018559210397273464,low,1.0,-0.017886905388226338,0.0,1.0
298,Zwingenfall,NFRA2,Franz-Senn-Hütte Kl Horntal,0.6787617139430498,medium,1.0,0.3292691653546206,low,1.0,0.34949254858842926,0.34949254858842926,1.0
299,Nordwandprinzessin - Zw”lferkogel Nordwand,KZWO1,Zwölferkogel,0.07746425197736251,low,1.0,0.0,low,1.0,0.07746425197736251,0.07746425197736251,1.0
319,Anderl-Lindner-Gedenkweg - Aggenstein Ostgipfel Nordwand,TODO2,Krinnenspitze,0.0,low,1.0,0.0,low,1.0,0.0,0.0,1.0
335,Backline - Hochgall Nordwand,IMOS1,Mosesgipfel Windstation,0.07132647922423241,low,1.0,0.5287868382945248,medium,1.0,-0.45746035907029237,0.0,1.0
336,Bärenköpfe Ostrinne,MIOH2,Hochgasser Schneestation,0.129531477165863,low,1.0,0.06633880863129411,low,1.0,0.06319266853456888,0.06319266853456888,1.0
343,Berglerrinne - Großglockner,KADL1,Kals Adlersruhe (Erzherzog-Johann-Hütte),0.3259817177392383,low,1.0,0.014382537677181416,low,1.0,0.3115991800620569,0.3115991800620569,1.0
348,Bonanza - Thiersee,142,Kufstein,0.431306245429043,medium,1.0,0.3800349352172522,low,1.0,0.05127131021179082,0.05127131021179082,1.0
387,Der gespaltene König - Pflerscher Tribulaun Südwand,GGAL1,Kalkwand,0.16653495210034136,low,1.0,0.06460529195769217,low,1.0,0.10192966014264919,0.10192966014264919,1.0
388,Der gespaltene König - Pflerscher Tribulaun Südwand,GGAL2,Gallreideschrofen,0.16897351581631614,low,1.0,0.1999497409983798,low,1.0,-0.030976225182063666,0.0,1.0
391,Der weiße Pinguin - Außergschlöß,MIOH2,Hochgasser Schneestation,0.7589699611933725,high,1.0,0.06633880863129411,low,1.0,0.6926311525620783,0.6926311525620783,1.0
396,Die Abenteuer des Augie March,82,Rudolfshütte,0.48103109489897666,medium,1.0,0.23086596708928758,low,0.95,0.2501651278096891,0.2501651278096891,0.95
400,Direkt Nord - Mittlerer Maurerkeeskopf,PESE1,Kreuzspitze,0.007730228690912387,low,1.0,0.0,low,1.0,0.007730228690912387,0.007730228690912387,1.0
401,Direkte Nordwand - Zugspitze,20,Ehrwald,0.2942305514242125,low,1.0,0.3255562853172739,low,1.0,-0.03132573389306137,0.0,1.0
409,Ein Bolt kommt selten allein - Burgschrofen Kraspestal,KZWO1,Zwölferkogel,0.5817776111101216,medium,1.0,0.0,low,1.0,0.5817776111101216,0.5817776111101216,1.0
423,Eiskögele Nordflanke,KADL1,Kals Adlersruhe (Erzherzog-Johann-Hütte),0.0331634300571179,low,1.0,0.014382537677181416,low,1.0,0.018780892379936485,0.018780892379936485,1.0
424,Eiskögele Nordwand Welzenbach,82,Rudolfshütte,0.386639992471123,low,1.0,0.23086596708928758,low,0.95,0.15577402538183543,0.15577402538183543,0.95
467,Glockner NW - Aschenbrenner,KADL1,Kals Adlersruhe (Erzherzog-Johann-Hütte),0.32366580300898806,low,1.0,0.014382537677181416,low,1.0,0.30928326533180667,0.30928326533180667,1.0
476,Grießferner Nordwand,TTUX1,Tuxerjoch Windstation,0.4206789316138881,medium,1.0,0.1564775436244587,low,1.0,0.2642013879894294,0.2642013879894294,1.0
496,Himmel und Hölle Zugspitze Nordwand,20,Ehrwald,0.3640126238463412,low,1.0,0.3255562853172739,low,1.0,0.038456338529067324,0.038456338529067324,1.0
503,Hochgall Nordwand,IMOS1,Mosesgipfel Windstation,0.08999304467047559,low,1.0,0.5287868382945248,medium,1.0,-0.4387937936240492,0.0,1.0
505,Hochschober Nordflanke,MIOG1,Bunköpfl,0.00102326915548627,low,1.0,0.04870709645970367,low,1.0,-0.0476838273042174,0.0,1.0
534,Karwendeleisfall - Karwendelbahn Mittenwald,SROS1,Rosshütte Windstation,0.02966878853757096,low,1.0,0.1207378766775386,low,1.0,-0.09106908813996764,0.0,1.0
544,Klammerkopf Nordrinne,43,Kals,0.29765991822757887,low,1.0,0.510140298707198,medium,1.0,-0.21248038047961915,0.0,1.0
604,Mayerlrampe - Großglockner,KADL1,Kals Adlersruhe (Erzherzog-Johann-Hütte),0.20683169906743126,low,1.0,0.014382537677181416,low,1.0,0.19244916139024984,0.19244916139024984,1.0
607,Michltal - Geünter - Eisfall,PESE1,Kreuzspitze,0.6843872244379438,medium,1.0,0.0,low,1.0,0.6843872244379438,0.6843872244379438,1.0
616,Morbus Brexit - Aggenstein Nordostwand,TODO,Krinnenalpe Schneestation,0.0158899599482374,low,1.0,0.1655159632486206,low,1.0,-0.14962600330038323,0.0,1.0
636,Pallavicinirinne - Großglockner,KADL1,Kals Adlersruhe (Erzherzog-Johann-Hütte),0.3710536358668714,low,1.0,0.014382537677181416,low,1.0,0.35667109818969,0.35667109818969,1.0
652,Punkheitserreger - Aggenstein,TODO,Krinnenalpe Schneestation,0.042912757884517726,low,1.0,0.1655159632486206,low,1.0,-0.12260320536410288,0.0,1.0
670,Romariswandkopf Nordwand,KADL1,Kals Adlersruhe (Erzherzog-Johann-Hütte),0.01850765225164682,low,1.0,0.014382537677181416,low,1.0,0.004125114574465405,0.004125114574465405,1.0
679,Säkularis - Großglockner Nordwand,KADL1,Kals Adlersruhe (Erzherzog-Johann-Hütte),0.28512421116721365,low,1.0,0.014382537677181416,low,1.0,0.27074167349003225,0.27074167349003225,1.0
699,Schneewinkelkopf Nordwand,KADL1,Kals Adlersruhe (Erzherzog-Johann-Hütte),0.06808477928499236,low,1.0,0.014382537677181416,low,1.0,0.053702241607810945,0.053702241607810945,1.0
700,Schneiderrinne Light - Großglockner,KADL1,Kals Adlersruhe (Erzherzog-Johann-Hütte),0.31776639528508127,low,1.0,0.014382537677181416,low,1.0,0.3033838576078999,0.3033838576078999,1.0
707,Seebachfall - Tauerntal,MIOH2,Hochgasser Schneestation,0.8506567445485494,high,1.0,0.06633880863129411,low,1.0,0.7843179359172553,0.7843179359172553,1.0
746,Stierkopf - Eibergfall,214,Söll,0.46716945203564164,medium,1.0,0.21908683708787335,low,1.0,0.2480826149477683,0.2480826149477683,1.0
748,Südwandwächter - Großglockner,KADL1,Kals Adlersruhe (Erzherzog-Johann-Hütte),0.0,low,1.0,0.014382537677181416,low,1.0,-0.014382537677181416,0.0,1.0
750,Superdirekte Nordwand - Zugspitze,20,Ehrwald,0.42821745322477656,medium,1.0,0.3255562853172739,low,1.0,0.10266116790750268,0.10266116790750268,1.0
757,Teufelskamp Nordwand,KADL1,Kals Adlersruhe (Erzherzog-Johann-Hütte),0.025025317394453545,low,1.0,0.014382537677181416,low,1.0,0.010642779717272129,0.010642779717272129,1.0
763,Theo-Riml-Gedenkweg - Großglockner,KADL1,Kals Adlersruhe (Erzherzog-Johann-Hütte),0.40524421390397697,medium,1.0,0.014382537677181416,low,1.0,0.3908616762267956,0.3908616762267956,1.0
789,Venediger NO-Flanke,PESE1,Kreuzspitze,0.06021755912907169,low,1.0,0.0,low,1.0,0.06021755912907169,0.06021755912907169,1.0
809,Weißkugel Nordwand,KWEL2,Weisssee LWD,0.025440985029826422,low,1.0,0.47967521786312384,medium,1.0,-0.4542342328332974,0.0,1.0
812,White Magic (Direct),61,Mayrhofen,0.5850095267972655,medium,1.0,0.6717909099782085,medium,1.0,-0.08678138318094297,0.0,1.0
829,"Zugspitze Nordwand, ""Gazert/Völcker"", ""1.Mai""",20,Ehrwald,0.2508355720266941,low,1.0,0.3255562853172739,low,1.0,-0.07472071329057978,0.0,1.0
